event_id,series_id,mask_policy,method,synthesis_method,donor_policy,mask_start,mask_end,event_length,num_donors,masked_region_MAE,masked_region_MSE,normalized_MAE_by_event_std,shape_correlation,boundary_continuity_error
domain_a/series_000_event_0,domain_a/series_000,middle_30,learned_prototype_event_time__same_dataset_only,learned_prototype_event_time,same_dataset_only,1,3,5,2,0.5608662040302042,0.3236983908093127,1.9426566849482207,1.0,0.5608662040302042
domain_a/series_000_event_0,domain_a/series_000,middle_30,learned_prototype_event_time__cross_dataset_all,learned_prototype_event_time,cross_dataset_all,1,3,5,2,0.4537934535014174,0.2634458860162584,1.571791774394011,1.0,0.4537934535014174
domain_a/series_000_event_0,domain_a/series_000,middle_30,learned_prototype_event_time__cross_dataset_compatible,learned_prototype_event_time,cross_dataset_compatible,1,3,5,2,0.4537934535014174,0.2634458860162584,1.571791774394011,1.0,0.4537934535014174
domain_a/series_000_event_0,domain_a/series_000,middle_30,learned_prototype_event_time__compatibility_top50,learned_prototype_event_time,compatibility_top50,1,3,5,2,0.47648333091688455,0.2277688891499739,1.6503820722673328,1.0,0.47648333091688455
domain_a/series_000_event_0,domain_a/series_000,middle_30,learned_prototype_event_time__strict_filter,learned_prototype_event_time,cross_dataset_compatible,1,3,5,2,0.4537934535014174,0.2634458860162584,1.571791774394011,1.0,0.4537934535014174
domain_a/series_000_event_0,domain_a/series_000,middle_30,dtw_aligned_donor__cross_dataset_compatible,dtw_aligned_donor,cross_dataset_compatible,1,3,5,2,0.3333988196158575,0.16457207943870167,1.154784226659719,-1.0,0.3333988196158575
domain_a/series_000_event_1,domain_a/series_000,middle_30,learned_prototype_event_time__same_dataset_only,learned_prototype_event_time,same_dataset_only,1,3,5,2,0.6010081037664508,0.4256076756865947,2.4907434914073234,-1.0,0.6010081037664508
domain_a/series_000_event_1,domain_a/series_000,middle_30,learned_prototype_event_time__cross_dataset_all,learned_prototype_event_time,cross_dataset_all,1,3,5,2,0.7146027932157522,0.5338769615024033,2.961511242509447,-1.0,0.7146027932157522
domain_a/series_000_event_1,domain_a/series_000,middle_30,learned_prototype_event_time__cross_dataset_compatible,learned_prototype_event_time,cross_dataset_compatible,1,3,5,2,0.7146027932157522,0.5338769615024033,2.961511242509447,-1.0,0.7146027932157522
domain_a/series_000_event_1,domain_a/series_000,middle_30,learned_prototype_event_time__compatibility_top50,learned_prototype_event_time,compatibility_top50,1,3,5,2,0.369082800000174,0.17971856262399302,1.5295810091906128,-0.9999999999999999,0.369082800000174
domain_a/series_000_event_1,domain_a/series_000,middle_30,learned_prototype_event_time__strict_filter,learned_prototype_event_time,cross_dataset_compatible,1,3,5,2,0.7146027932157522,0.5338769615024033,2.961511242509447,-1.0,0.7146027932157522
domain_a/series_000_event_1,domain_a/series_000,middle_30,dtw_aligned_donor__cross_dataset_compatible,dtw_aligned_donor,cross_dataset_compatible,1,3,5,2,0.7171215405215796,0.5380599458668398,2.9719496266496503,-1.0,0.7171215405215796
domain_a/series_000_event_2,domain_a/series_000,middle_30,learned_prototype_event_time__same_dataset_only,learned_prototype_event_time,same_dataset_only,2,4,7,2,0.6361527667630926,0.47663600144570806,1.1233205031817857,1.0,0.6361527667630926
domain_a/series_000_event_2,domain_a/series_000,middle_30,learned_prototype_event_time__cross_dataset_all,learned_prototype_event_time,cross_dataset_all,2,4,7,2,0.5899898273882009,0.3518512636683683,1.0418058435021478,0.9999999999999999,0.5899898273882009
domain_a/series_000_event_2,domain_a/series_000,middle_30,learned_prototype_event_time__cross_dataset_compatible,learned_prototype_event_time,cross_dataset_compatible,2,4,7,2,0.5899898273882009,0.3518512636683683,1.0418058435021478,0.9999999999999999,0.5899898273882009
domain_a/series_000_event_2,domain_a/series_000,middle_30,learned_prototype_event_time__compatibility_top50,learned_prototype_event_time,compatibility_top50,2,4,7,2,1.0104861781740047,1.1375486407851232,1.7843195871022295,-0.9999999999999999,1.0104861781740047
domain_a/series_000_event_2,domain_a/series_000,middle_30,learned_prototype_event_time__strict_filter,learned_prototype_event_time,cross_dataset_compatible,2,4,7,2,0.5899898273882009,0.3518512636683683,1.0418058435021478,0.9999999999999999,0.5899898273882009
domain_a/series_000_event_2,domain_a/series_000,middle_30,dtw_aligned_donor__cross_dataset_compatible,dtw_aligned_donor,cross_dataset_compatible,2,4,7,2,0.28154505519213724,0.08052311669469349,0.497153120430512,1.0,0.28154505519213724
domain_a/series_000_event_3,domain_a/series_000,middle_30,learned_prototype_event_time__same_dataset_only,learned_prototype_event_time,same_dataset_only,5,10,16,2,0.6137741514605229,0.45872193048130655,1.1882247955394736,-0.9894363577279286,0.9260401085782726
domain_a/series_000_event_3,domain_a/series_000,middle_30,learned_prototype_event_time__cross_dataset_all,learned_prototype_event_time,cross_dataset_all,5,10,16,2,0.6142194707778865,0.4386065126255333,1.1890869032928955,0.7504598806058737,0.6506500895968881
domain_a/series_000_event_3,domain_a/series_000,middle_30,learned_prototype_event_time__cross_dataset_compatible,learned_prototype_event_time,cross_dataset_compatible,5,10,16,2,0.6142194707778865,0.4386065126255333,1.1890869032928955,0.7504598806058737,0.6506500895968881
domain_a/series_000_event_3,domain_a/series_000,middle_30,learned_prototype_event_time__compatibility_top50,learned_prototype_event_time,compatibility_top50,5,10,16,2,0.6137741514605229,0.45872193048130655,1.1882247955394736,-0.9894363577279286,0.9260401085782726
domain_a/series_000_event_3,domain_a/series_000,middle_30,learned_prototype_event_time__strict_filter,learned_prototype_event_time,cross_dataset_compatible,5,10,16,2,0.6142194707778865,0.4386065126255333,1.1890869032928955,0.7504598806058737,0.6506500895968881
domain_a/series_000_event_3,domain_a/series_000,middle_30,dtw_aligned_donor__cross_dataset_compatible,dtw_aligned_donor,cross_dataset_compatible,5,10,16,2,0.17312757092278505,0.03670441128615937,0.3351631411529119,0.8624543686927186,0.15316655832772957
domain_a/series_000_event_4,domain_a/series_000,middle_30,learned_prototype_event_time__same_dataset_only,learned_prototype_event_time,same_dataset_only,3,5,8,2,0.747310270965732,0.5671048288946953,1.0571754420113675,-1.0,0.747310270965732
domain_a/series_000_event_4,domain_a/series_000,middle_30,learned_prototype_event_time__cross_dataset_all,learned_prototype_event_time,cross_dataset_all,3,5,8,2,0.8016494860529777,1.000924010685262,1.1340459012573958,-1.0,0.8016494860529777
domain_a/series_000_event_4,domain_a/series_000,middle_30,learned_prototype_event_time__cross_dataset_compatible,learned_prototype_event_time,cross_dataset_compatible,3,5,8,2,0.8016494860529777,1.000924010685262,1.1340459012573958,-1.0,0.8016494860529777
domain_a/series_000_event_4,domain_a/series_000,middle_30,learned_prototype_event_time__compatibility_top50,learned_prototype_event_time,compatibility_top50,3,5,8,2,0.7079607570816644,0.5473159842019619,1.0015100225068774,-1.0,0.7079607570816644
domain_a/series_000_event_4,domain_a/series_000,middle_30,learned_prototype_event_time__strict_filter,learned_prototype_event_time,cross_dataset_compatible,3,5,8,2,0.8016494860529777,1.000924010685262,1.1340459012573958,-1.0,0.8016494860529777
domain_a/series_000_event_4,domain_a/series_000,middle_30,dtw_aligned_donor__cross_dataset_compatible,dtw_aligned_donor,cross_dataset_compatible,3,5,8,2,0.4687497916163761,0.3979689949116452,0.6631124813852617,0.9999999999999998,0.4687497916163761
domain_a/series_000_event_5,domain_a/series_000,middle_30,learned_prototype_event_time__same_dataset_only,learned_prototype_event_time,same_dataset_only,2,4,6,2,0.2815079120786852,0.09345122333488108,1.2466008140366935,1.0,0.2815079120786852
domain_a/series_000_event_5,domain_a/series_000,middle_30,learned_prototype_event_time__cross_dataset_all,learned_prototype_event_time,cross_dataset_all,2,4,6,2,0.22978106605958293,0.05429748894658347,1.017538945477419,1.0,0.22978106605958293
domain_a/series_000_event_5,domain_a/series_000,middle_30,learned_prototype_event_time__cross_dataset_compatible,learned_prototype_event_time,cross_dataset_compatible,2,4,6,2,0.22978106605958293,0.05429748894658347,1.017538945477419,1.0,0.22978106605958293
domain_a/series_000_event_5,domain_a/series_000,middle_30,learned_prototype_event_time__compatibility_top50,learned_prototype_event_time,compatibility_top50,2,4,6,2,0.2815079120786852,0.09345122333488108,1.2466008140366935,1.0,0.2815079120786852
domain_a/series_000_event_5,domain_a/series_000,middle_30,learned_prototype_event_time__strict_filter,learned_prototype_event_time,cross_dataset_compatible,2,4,6,2,0.22978106605958293,0.05429748894658347,1.017538945477419,1.0,0.22978106605958293
domain_a/series_000_event_5,domain_a/series_000,middle_30,dtw_aligned_donor__cross_dataset_compatible,dtw_aligned_donor,cross_dataset_compatible,2,4,6,2,0.03250529656369472,0.0014037902167600813,0.1439431270602433,1.0,0.03250529656369472
domain_a/series_000_event_6,domain_a/series_000,middle_30,learned_prototype_event_time__same_dataset_only,learned_prototype_event_time,same_dataset_only,5,9,14,2,0.4436916548909918,0.29540717454837656,0.6738027975600656,0.3428407407986195,0.713871068829717
domain_a/series_000_event_6,domain_a/series_000,middle_30,learned_prototype_event_time__cross_dataset_all,learned_prototype_event_time,cross_dataset_all,5,9,14,2,0.3456288663939885,0.20004286045972666,0.524881851003035,0.6232746945840745,0.5981809769988737
domain_a/series_000_event_6,domain_a/series_000,middle_30,learned_prototype_event_time__cross_dataset_compatible,learned_prototype_event_time,cross_dataset_compatible,5,9,14,2,0.3456288663939885,0.20004286045972666,0.524881851003035,0.6232746945840745,0.5981809769988737
domain_a/series_000_event_6,domain_a/series_000,middle_30,learned_prototype_event_time__compatibility_top50,learned_prototype_event_time,compatibility_top50,5,9,14,2,0.43011437321228485,0.2444742332746318,0.6531839504901981,-0.07180381005126033,0.5898233993949875
domain_a/series_000_event_6,domain_a/series_000,middle_30,learned_prototype_event_time__strict_filter,learned_prototype_event_time,cross_dataset_compatible,5,9,14,2,0.3456288663939885,0.20004286045972666,0.524881851003035,0.6232746945840745,0.5981809769988737
domain_a/series_000_event_6,domain_a/series_000,middle_30,dtw_aligned_donor__cross_dataset_compatible,dtw_aligned_donor,cross_dataset_compatible,5,9,14,2,0.27274924186035354,0.10301785097118711,0.41420477525781924,0.925034286341188,0.4374630244150748
domain_a/series_000_event_7,domain_a/series_000,middle_30,learned_prototype_event_time__same_dataset_only,learned_prototype_event_time,same_dataset_only,3,5,8,2,0.30072065096167727,0.1196993561950424,0.665693469493084,-1.0,0.3007206509616773
domain_a/series_000_event_7,domain_a/series_000,middle_30,learned_prototype_event_time__cross_dataset_all,learned_prototype_event_time,cross_dataset_all,3,5,8,2,0.21075055187910346,0.045266778568410784,0.46653020213055235,0.9999999999999999,0.21075055187910352
domain_a/series_000_event_7,domain_a/series_000,middle_30,learned_prototype_event_time__cross_dataset_compatible,learned_prototype_event_time,cross_dataset_compatible,3,5,8,2,0.21075055187910346,0.045266778568410784,0.46653020213055235,0.9999999999999999,0.21075055187910352
domain_a/series_000_event_7,domain_a/series_000,middle_30,learned_prototype_event_time__compatibility_top50,learned_prototype_event_time,compatibility_top50,3,5,8,2,0.15832442533305652,0.02749764320429638,0.3504765491442499,0.9999999999999999,0.15832442533305657
domain_a/series_000_event_7,domain_a/series_000,middle_30,learned_prototype_event_time__strict_filter,learned_prototype_event_time,cross_dataset_compatible,3,5,8,2,0.21075055187910346,0.045266778568410784,0.46653020213055235,0.9999999999999999,0.21075055187910352
domain_a/series_000_event_7,domain_a/series_000,middle_30,dtw_aligned_donor__cross_dataset_compatible,dtw_aligned_donor,cross_dataset_compatible,3,5,8,2,0.09111817805819433,0.014447955301108978,0.2017047246056203,0.9999999999999999,0.09111817805819422
domain_a/series_003_event_0,domain_a/series_003,middle_30,learned_prototype_event_time__same_dataset_only,learned_prototype_event_time,same_dataset_only,1,3,5,2,0.4130965344786308,0.17080577049601198,0.8686627838350051,1.0,0.4130965344786308
domain_a/series_003_event_0,domain_a/series_003,middle_30,learned_prototype_event_time__cross_dataset_all,learned_prototype_event_time,cross_dataset_all,1,3,5,2,0.27991945522480943,0.08523313443701659,0.5886169283217244,1.0,0.27991945522480943
domain_a/series_003_event_0,domain_a/series_003,middle_30,learned_prototype_event_time__cross_dataset_compatible,learned_prototype_event_time,cross_dataset_compatible,1,3,5,2,0.27991945522480943,0.08523313443701659,0.5886169283217244,1.0,0.27991945522480943
domain_a/series_003_event_0,domain_a/series_003,middle_30,learned_prototype_event_time__compatibility_top50,learned_prototype_event_time,compatibility_top50,1,3,5,2,0.2542980436548776,0.06593267859317127,0.5347400137448226,1.0,0.2542980436548776
domain_a/series_003_event_0,domain_a/series_003,middle_30,learned_prototype_event_time__strict_filter,learned_prototype_event_time,cross_dataset_compatible,1,3,5,2,0.27991945522480943,0.08523313443701659,0.5886169283217244,1.0,0.27991945522480943
domain_a/series_003_event_0,domain_a/series_003,middle_30,dtw_aligned_donor__cross_dataset_compatible,dtw_aligned_donor,cross_dataset_compatible,1,3,5,2,0.2542950392023935,0.0851778776084645,0.5347336959574752,1.0,0.2542950392023935
domain_a/series_003_event_1,domain_a/series_003,middle_30,learned_prototype_event_time__same_dataset_only,learned_prototype_event_time,same_dataset_only,1,3,5,2,0.2632690339014432,0.08545560169125804,0.6012918581191768,1.0,0.2632690339014432
domain_a/series_003_event_1,domain_a/series_003,middle_30,learned_prototype_event_time__cross_dataset_all,learned_prototype_event_time,cross_dataset_all,1,3,5,2,0.2282140952007512,0.06423932444383254,0.521228324192571,1.0,0.2282140952007512
domain_a/series_003_event_1,domain_a/series_003,middle_30,learned_prototype_event_time__cross_dataset_compatible,learned_prototype_event_time,cross_dataset_compatible,1,3,5,2,0.2282140952007512,0.06423932444383254,0.521228324192571,1.0,0.2282140952007512
domain_a/series_003_event_1,domain_a/series_003,middle_30,learned_prototype_event_time__compatibility_top50,learned_prototype_event_time,compatibility_top50,1,3,5,2,0.1463981567640682,0.02396865413910192,0.33436526279366025,1.0,0.1463981567640682
domain_a/series_003_event_1,domain_a/series_003,middle_30,learned_prototype_event_time__strict_filter,learned_prototype_event_time,cross_dataset_compatible,1,3,5,2,0.2282140952007512,0.06423932444383254,0.521228324192571,1.0,0.2282140952007512
domain_a/series_003_event_1,domain_a/series_003,middle_30,dtw_aligned_donor__cross_dataset_compatible,dtw_aligned_donor,cross_dataset_compatible,1,3,5,2,0.10029820626004349,0.010704151994609624,0.2290755350691907,0.9999999999999999,0.10029820626004349
domain_a/series_003_event_2,domain_a/series_003,middle_30,learned_prototype_event_time__same_dataset_only,learned_prototype_event_time,same_dataset_only,2,4,6,2,0.2594027382799785,0.06972443734367914,0.38322191109233084,1.0,0.2594027382799785
domain_a/series_003_event_2,domain_a/series_003,middle_30,learned_prototype_event_time__cross_dataset_all,learned_prototype_event_time,cross_dataset_all,2,4,6,2,0.6091455861902326,0.38362030876347103,0.8999054413270107,0.9999999999999999,0.6091455861902326
domain_a/series_003_event_2,domain_a/series_003,middle_30,learned_prototype_event_time__cross_dataset_compatible,learned_prototype_event_time,cross_dataset_compatible,2,4,6,2,0.6091455861902326,0.38362030876347103,0.8999054413270107,0.9999999999999999,0.6091455861902326
domain_a/series_003_event_2,domain_a/series_003,middle_30,learned_prototype_event_time__compatibility_top50,learned_prototype_event_time,compatibility_top50,2,4,6,2,0.2594027382799785,0.06972443734367914,0.38322191109233084,1.0,0.2594027382799785
domain_a/series_003_event_2,domain_a/series_003,middle_30,learned_prototype_event_time__strict_filter,learned_prototype_event_time,cross_dataset_compatible,2,4,6,2,0.6091455861902326,0.38362030876347103,0.8999054413270107,0.9999999999999999,0.6091455861902326
domain_a/series_003_event_2,domain_a/series_003,middle_30,dtw_aligned_donor__cross_dataset_compatible,dtw_aligned_donor,cross_dataset_compatible,2,4,6,2,0.3374887479340327,0.18827045047367733,0.4985802532887922,0.0,0.3374887479340327
domain_a/series_003_event_3,domain_a/series_003,middle_30,learned_prototype_event_time__same_dataset_only,learned_prototype_event_time,same_dataset_only,2,4,6,2,0.6468125590885688,0.4998060034763211,1.1127721168641345,-1.0,0.6468125590885688
domain_a/series_003_event_3,domain_a/series_003,middle_30,learned_prototype_event_time__cross_dataset_all,learned_prototype_event_time,cross_dataset_all,2,4,6,2,0.08338362760570683,0.0069738123661442905,0.1434526502289323,1.0,0.08338362760570683
domain_a/series_003_event_3,domain_a/series_003,middle_30,learned_prototype_event_time__cross_dataset_compatible,learned_prototype_event_time,cross_dataset_compatible,2,4,6,2,0.08338362760570683,0.0069738123661442905,0.1434526502289323,1.0,0.08338362760570683
domain_a/series_003_event_3,domain_a/series_003,middle_30,learned_prototype_event_time__compatibility_top50,learned_prototype_event_time,compatibility_top50,2,4,6,2,0.36653915636642453,0.22257986711062516,0.6305915789857282,-1.0,0.36653915636642453
domain_a/series_003_event_3,domain_a/series_003,middle_30,learned_prototype_event_time__strict_filter,learned_prototype_event_time,cross_dataset_compatible,2,4,6,2,0.08338362760570683,0.0069738123661442905,0.1434526502289323,1.0,0.08338362760570683
domain_a/series_003_event_3,domain_a/series_003,middle_30,dtw_aligned_donor__cross_dataset_compatible,dtw_aligned_donor,cross_dataset_compatible,2,4,6,2,0.022004625713541115,0.00048438267670378513,0.037856614860051284,1.0,0.022004625713541115
domain_a/series_003_event_4,domain_a/series_003,middle_30,learned_prototype_event_time__same_dataset_only,learned_prototype_event_time,same_dataset_only,4,7,11,2,0.9366672542855606,1.2914339827795016,1.4023868737227998,0.7176013616509481,1.1203130090843127
domain_a/series_003_event_4,domain_a/series_003,middle_30,learned_prototype_event_time__cross_dataset_all,learned_prototype_event_time,cross_dataset_all,4,7,11,2,0.5931822660860104,0.803742603198686,0.8881179734618486,0.35440010570882113,0.8608294981443504
domain_a/series_003_event_4,domain_a/series_003,middle_30,learned_prototype_event_time__cross_dataset_compatible,learned_prototype_event_time,cross_dataset_compatible,4,7,11,2,0.5931822660860104,0.803742603198686,0.8881179734618486,0.35440010570882113,0.8608294981443504
domain_a/series_003_event_4,domain_a/series_003,middle_30,learned_prototype_event_time__compatibility_top50,learned_prototype_event_time,compatibility_top50,4,7,11,2,1.2791514249953366,2.035393159340868,1.9151573407843092,0.7388548435237564,1.464885150487482
domain_a/series_003_event_4,domain_a/series_003,middle_30,learned_prototype_event_time__strict_filter,learned_prototype_event_time,cross_dataset_compatible,4,7,11,2,0.5931822660860104,0.803742603198686,0.8881179734618486,0.35440010570882113,0.8608294981443504
domain_a/series_003_event_4,domain_a/series_003,middle_30,dtw_aligned_donor__cross_dataset_compatible,dtw_aligned_donor,cross_dataset_compatible,4,7,11,2,0.6207426398308419,0.49843245637436434,0.9293816198611524,0.6505112623202881,0.714506379992218
domain_a/series_003_event_5,domain_a/series_003,middle_30,learned_prototype_event_time__same_dataset_only,learned_prototype_event_time,same_dataset_only,1,3,5,2,0.3705605290487106,0.13739095905290621,0.8564979228808669,1.0,0.3705605290487106
domain_a/series_003_event_5,domain_a/series_003,middle_30,learned_prototype_event_time__cross_dataset_all,learned_prototype_event_time,cross_dataset_all,1,3,5,2,0.6783767243809364,0.4986894966500982,1.567971248461332,1.0,0.6783767243809364
domain_a/series_003_event_5,domain_a/series_003,middle_30,learned_prototype_event_time__cross_dataset_compatible,learned_prototype_event_time,cross_dataset_compatible,1,3,5,2,0.6783767243809364,0.4986894966500982,1.567971248461332,1.0,0.6783767243809364
domain_a/series_003_event_5,domain_a/series_003,middle_30,learned_prototype_event_time__compatibility_top50,learned_prototype_event_time,compatibility_top50,1,3,5,2,0.45487893295007065,0.21368336068180183,1.0513879128847716,1.0,0.45487893295007065
domain_a/series_003_event_5,domain_a/series_003,middle_30,learned_prototype_event_time__strict_filter,learned_prototype_event_time,cross_dataset_compatible,1,3,5,2,0.6783767243809364,0.4986894966500982,1.567971248461332,1.0,0.6783767243809364
domain_a/series_003_event_5,domain_a/series_003,middle_30,dtw_aligned_donor__cross_dataset_compatible,dtw_aligned_donor,cross_dataset_compatible,1,3,5,2,0.5111575035265425,0.32716963707635294,1.1814678189265622,-1.0,0.5111575035265425
domain_a/series_003_event_6,domain_a/series_003,middle_30,learned_prototype_event_time__same_dataset_only,learned_prototype_event_time,same_dataset_only,2,4,6,2,0.48151993700482554,0.23618617952023585,0.7251808282298413,1.0,0.48151993700482554
domain_a/series_003_event_6,domain_a/series_003,middle_30,learned_prototype_event_time__cross_dataset_all,learned_prototype_event_time,cross_dataset_all,2,4,6,2,0.7004016656142302,0.5256079834814018,1.0548220767826644,-1.0,0.7004016656142302
domain_a/series_003_event_6,domain_a/series_003,middle_30,learned_prototype_event_time__cross_dataset_compatible,learned_prototype_event_time,cross_dataset_compatible,2,4,6,2,0.7004016656142302,0.5256079834814018,1.0548220767826644,-1.0,0.7004016656142302
domain_a/series_003_event_6,domain_a/series_003,middle_30,learned_prototype_event_time__compatibility_top50,learned_prototype_event_time,compatibility_top50,2,4,6,2,0.48151993700482554,0.23618617952023585,0.7251808282298413,1.0,0.48151993700482554
domain_a/series_003_event_6,domain_a/series_003,middle_30,learned_prototype_event_time__strict_filter,learned_prototype_event_time,cross_dataset_compatible,2,4,6,2,0.7004016656142302,0.5256079834814018,1.0548220767826644,-1.0,0.7004016656142302
domain_a/series_003_event_6,domain_a/series_003,middle_30,dtw_aligned_donor__cross_dataset_compatible,dtw_aligned_donor,cross_dataset_compatible,2,4,6,2,0.5445059097906269,0.3179303591904244,0.8200392471683948,-1.0,0.5445059097906269
domain_a/series_003_event_7,domain_a/series_003,middle_30,learned_prototype_event_time__same_dataset_only,learned_prototype_event_time,same_dataset_only,2,4,6,2,0.35253303216260323,0.15656616775565152,1.6377403662769443,0.9999999999999998,0.35253303216260323
domain_a/series_003_event_7,domain_a/series_003,middle_30,learned_prototype_event_time__cross_dataset_all,learned_prototype_event_time,cross_dataset_all,2,4,6,2,0.3585640643510257,0.13727914515054357,1.6657583503072728,1.0,0.3585640643510257
domain_a/series_003_event_7,domain_a/series_003,middle_30,learned_prototype_event_time__cross_dataset_compatible,learned_prototype_event_time,cross_dataset_compatible,2,4,6,2,0.3585640643510257,0.13727914515054357,1.6657583503072728,1.0,0.3585640643510257
domain_a/series_003_event_7,domain_a/series_003,middle_30,learned_prototype_event_time__compatibility_top50,learned_prototype_event_time,compatibility_top50,2,4,6,2,0.19539603786876025,0.04075343215440292,0.9077389902023303,1.0,0.19539603786876025
domain_a/series_003_event_7,domain_a/series_003,middle_30,learned_prototype_event_time__strict_filter,learned_prototype_event_time,cross_dataset_compatible,2,4,6,2,0.3585640643510257,0.13727914515054357,1.6657583503072728,1.0,0.3585640643510257
domain_a/series_003_event_7,domain_a/series_003,middle_30,dtw_aligned_donor__cross_dataset_compatible,dtw_aligned_donor,cross_dataset_compatible,2,4,6,2,0.15991596112892648,0.03150313622463854,0.7429114461875953,1.0,0.15991596112892648
domain_a/series_003_event_8,domain_a/series_003,middle_30,learned_prototype_event_time__same_dataset_only,learned_prototype_event_time,same_dataset_only,1,3,5,2,0.7432124958891181,0.577261552313714,1.347552360974486,1.0,0.743212495889118
domain_a/series_003_event_8,domain_a/series_003,middle_30,learned_prototype_event_time__cross_dataset_all,learned_prototype_event_time,cross_dataset_all,1,3,5,2,0.19651265225130443,0.0701036003310244,0.3563060227960851,-1.0,0.19651265225130443
domain_a/series_003_event_8,domain_a/series_003,middle_30,learned_prototype_event_time__cross_dataset_compatible,learned_prototype_event_time,cross_dataset_compatible,1,3,5,2,0.19651265225130443,0.0701036003310244,0.3563060227960851,-1.0,0.19651265225130443
domain_a/series_003_event_8,domain_a/series_003,middle_30,learned_prototype_event_time__compatibility_top50,learned_prototype_event_time,compatibility_top50,1,3,5,2,0.7432124958891181,0.577261552313714,1.347552360974486,1.0,0.743212495889118
domain_a/series_003_event_8,domain_a/series_003,middle_30,learned_prototype_event_time__strict_filter,learned_prototype_event_time,cross_dataset_compatible,1,3,5,2,0.19651265225130443,0.0701036003310244,0.3563060227960851,-1.0,0.19651265225130443
domain_a/series_003_event_8,domain_a/series_003,middle_30,dtw_aligned_donor__cross_dataset_compatible,dtw_aligned_donor,cross_dataset_compatible,1,3,5,2,0.1544335960617761,0.03853864095941255,0.2800105732047252,-0.9999999999999999,0.1544335960617761
domain_b/series_007_event_0,domain_b/series_007,middle_30,learned_prototype_event_time__same_dataset_only,learned_prototype_event_time,same_dataset_only,1,3,5,2,0.6730211354165028,0.469216303197048,0.9600222326243639,1.0,0.6730211354165028
domain_b/series_007_event_0,domain_b/series_007,middle_30,learned_prototype_event_time__cross_dataset_all,learned_prototype_event_time,cross_dataset_all,1,3,5,2,0.9123356481576386,0.9563883474901163,1.3013893022914653,1.0,0.9123356481576386
domain_b/series_007_event_0,domain_b/series_007,middle_30,learned_prototype_event_time__cross_dataset_compatible,learned_prototype_event_time,cross_dataset_compatible,1,3,5,2,0.9123356481576386,0.9563883474901163,1.3013893022914653,1.0,0.9123356481576386
domain_b/series_007_event_0,domain_b/series_007,middle_30,learned_prototype_event_time__compatibility_top50,learned_prototype_event_time,compatibility_top50,1,3,5,2,0.6730211354165028,0.469216303197048,0.9600222326243639,1.0,0.6730211354165028
domain_b/series_007_event_0,domain_b/series_007,middle_30,learned_prototype_event_time__strict_filter,learned_prototype_event_time,cross_dataset_compatible,1,3,5,2,0.9123356481576386,0.9563883474901163,1.3013893022914653,1.0,0.9123356481576386
domain_b/series_007_event_0,domain_b/series_007,middle_30,dtw_aligned_donor__cross_dataset_compatible,dtw_aligned_donor,cross_dataset_compatible,1,3,5,2,0.6465671319193529,0.7700834846876123,0.922287263894935,-1.0,0.6465671319193529
domain_b/series_007_event_1,domain_b/series_007,middle_30,learned_prototype_event_time__same_dataset_only,learned_prototype_event_time,same_dataset_only,3,5,8,2,0.28774957104507215,0.09107025952514657,0.6570370772078525,1.0,0.28774957104507215
domain_b/series_007_event_1,domain_b/series_007,middle_30,learned_prototype_event_time__cross_dataset_all,learned_prototype_event_time,cross_dataset_all,3,5,8,2,0.9232506797186888,0.864408393272269,2.108117575742669,-1.0,0.9232506797186888
domain_b/series_007_event_1,domain_b/series_007,middle_30,learned_prototype_event_time__cross_dataset_compatible,learned_prototype_event_time,cross_dataset_compatible,3,5,8,2,0.9232506797186888,0.864408393272269,2.108117575742669,-1.0,0.9232506797186888
domain_b/series_007_event_1,domain_b/series_007,middle_30,learned_prototype_event_time__compatibility_top50,learned_prototype_event_time,compatibility_top50,3,5,8,2,0.35591023403984945,0.13146143546472625,0.8126726968613849,1.0,0.35591023403984945
domain_b/series_007_event_1,domain_b/series_007,middle_30,learned_prototype_event_time__strict_filter,learned_prototype_event_time,cross_dataset_compatible,3,5,8,2,0.9232506797186888,0.864408393272269,2.108117575742669,-1.0,0.9232506797186888
domain_b/series_007_event_1,domain_b/series_007,middle_30,dtw_aligned_donor__cross_dataset_compatible,dtw_aligned_donor,cross_dataset_compatible,3,5,8,2,0.16668465381386088,0.02817388457699321,0.38060177591057937,0.0,0.16668465381386088
domain_b/series_007_event_2,domain_b/series_007,middle_30,learned_prototype_event_time__same_dataset_only,learned_prototype_event_time,same_dataset_only,2,4,6,2,0.46454737014700576,0.21964706514233873,1.9889850122702253,1.0,0.46454737014700576
domain_b/series_007_event_2,domain_b/series_007,middle_30,learned_prototype_event_time__cross_dataset_all,learned_prototype_event_time,cross_dataset_all,2,4,6,2,0.45649015149737715,0.25793570058936954,1.954487589263344,0.9999999999999999,0.45649015149737715
domain_b/series_007_event_2,domain_b/series_007,middle_30,learned_prototype_event_time__cross_dataset_compatible,learned_prototype_event_time,cross_dataset_compatible,2,4,6,2,0.45649015149737715,0.25793570058936954,1.954487589263344,0.9999999999999999,0.45649015149737715
domain_b/series_007_event_2,domain_b/series_007,middle_30,learned_prototype_event_time__compatibility_top50,learned_prototype_event_time,compatibility_top50,2,4,6,2,1.1573654176186239,1.3406666974419372,4.955323433721844,1.0,1.1573654176186239
domain_b/series_007_event_2,domain_b/series_007,middle_30,learned_prototype_event_time__strict_filter,learned_prototype_event_time,cross_dataset_compatible,2,4,6,2,0.45649015149737715,0.25793570058936954,1.954487589263344,0.9999999999999999,0.45649015149737715
domain_b/series_007_event_2,domain_b/series_007,middle_30,dtw_aligned_donor__cross_dataset_compatible,dtw_aligned_donor,cross_dataset_compatible,2,4,6,2,0.2916548570478392,0.08669858856133857,1.2487362467263476,1.0,0.2916548570478392
domain_b/series_007_event_3,domain_b/series_007,middle_30,learned_prototype_event_time__same_dataset_only,learned_prototype_event_time,same_dataset_only,4,8,12,2,0.6157659079165723,0.5812364316859138,1.2347053882817214,-0.7278301768469213,0.20664812041172775
domain_b/series_007_event_3,domain_b/series_007,middle_30,learned_prototype_event_time__cross_dataset_all,learned_prototype_event_time,cross_dataset_all,4,8,12,2,0.6626688313710779,0.5111601609765499,1.3287529663806528,0.6121982459616391,0.4749930663202756
domain_b/series_007_event_3,domain_b/series_007,middle_30,learned_prototype_event_time__cross_dataset_compatible,learned_prototype_event_time,cross_dataset_compatible,4,8,12,2,0.6626688313710779,0.5111601609765499,1.3287529663806528,0.6121982459616391,0.4749930663202756
domain_b/series_007_event_3,domain_b/series_007,middle_30,learned_prototype_event_time__compatibility_top50,learned_prototype_event_time,compatibility_top50,4,8,12,2,0.6966118443100859,0.6855638107665265,1.3968139298596305,0.7410198568399706,0.25611606589518354
domain_b/series_007_event_3,domain_b/series_007,middle_30,learned_prototype_event_time__strict_filter,learned_prototype_event_time,cross_dataset_compatible,4,8,12,2,0.6626688313710779,0.5111601609765499,1.3287529663806528,0.6121982459616391,0.4749930663202756
domain_b/series_007_event_3,domain_b/series_007,middle_30,dtw_aligned_donor__cross_dataset_compatible,dtw_aligned_donor,cross_dataset_compatible,4,8,12,2,0.4410018709812619,0.24824248250382694,0.884276604700658,0.9082316704341072,0.30487923272175044
domain_b/series_007_event_4,domain_b/series_007,middle_30,learned_prototype_event_time__same_dataset_only,learned_prototype_event_time,same_dataset_only,5,9,14,2,1.345692521627047,2.7317296024659448,1.2540661835948783,0.8903456377386535,0.4062175115890796
domain_b/series_007_event_4,domain_b/series_007,middle_30,learned_prototype_event_time__cross_dataset_all,learned_prototype_event_time,cross_dataset_all,5,9,14,2,1.6206762020749679,2.6429958816476344,1.5103266064983585,0.5435281337462459,1.7450189973967205
domain_b/series_007_event_4,domain_b/series_007,middle_30,learned_prototype_event_time__cross_dataset_compatible,learned_prototype_event_time,cross_dataset_compatible,5,9,14,2,1.6206762020749679,2.6429958816476344,1.5103266064983585,0.5435281337462459,1.7450189973967205
domain_b/series_007_event_4,domain_b/series_007,middle_30,learned_prototype_event_time__compatibility_top50,learned_prototype_event_time,compatibility_top50,5,9,14,2,1.5851021956130484,3.099458627116131,1.4771747848140564,0.34660039689152855,0.8728571865931556
domain_b/series_007_event_4,domain_b/series_007,middle_30,learned_prototype_event_time__strict_filter,learned_prototype_event_time,cross_dataset_compatible,5,9,14,2,1.6206762020749679,2.6429958816476344,1.5103266064983585,0.5435281337462459,1.7450189973967205
domain_b/series_007_event_4,domain_b/series_007,middle_30,dtw_aligned_donor__cross_dataset_compatible,dtw_aligned_donor,cross_dataset_compatible,5,9,14,2,0.9060271483516663,0.9426240700845021,0.8443370160019533,0.9200071691852385,0.8534356858903183
domain_b/series_007_event_5,domain_b/series_007,middle_30,learned_prototype_event_time__same_dataset_only,learned_prototype_event_time,same_dataset_only,2,4,6,2,0.39088947864885926,0.15595432881741897,0.7118088239388167,1.0,0.39088947864885926
domain_b/series_007_event_5,domain_b/series_007,middle_30,learned_prototype_event_time__cross_dataset_all,learned_prototype_event_time,cross_dataset_all,2,4,6,2,0.32796874748158955,0.11177913309874851,0.5972303200395652,1.0,0.32796874748158955
domain_b/series_007_event_5,domain_b/series_007,middle_30,learned_prototype_event_time__cross_dataset_compatible,learned_prototype_event_time,cross_dataset_compatible,2,4,6,2,0.32796874748158955,0.11177913309874851,0.5972303200395652,1.0,0.32796874748158955
domain_b/series_007_event_5,domain_b/series_007,middle_30,learned_prototype_event_time__compatibility_top50,learned_prototype_event_time,compatibility_top50,2,4,6,2,0.39088947864885926,0.15595432881741897,0.7118088239388167,1.0,0.39088947864885926
domain_b/series_007_event_5,domain_b/series_007,middle_30,learned_prototype_event_time__strict_filter,learned_prototype_event_time,cross_dataset_compatible,2,4,6,2,0.32796874748158955,0.11177913309874851,0.5972303200395652,1.0,0.32796874748158955
domain_b/series_007_event_5,domain_b/series_007,middle_30,dtw_aligned_donor__cross_dataset_compatible,dtw_aligned_donor,cross_dataset_compatible,2,4,6,2,0.36311875141978134,0.13722996419876393,0.6612383947802131,1.0,0.36311875141978134
domain_b/series_007_event_6,domain_b/series_007,middle_30,learned_prototype_event_time__same_dataset_only,learned_prototype_event_time,same_dataset_only,5,9,15,2,0.3537080864794422,0.21259599784843417,0.49694757835110437,0.6782267077925727,0.5426589844365837
domain_b/series_007_event_6,domain_b/series_007,middle_30,learned_prototype_event_time__cross_dataset_all,learned_prototype_event_time,cross_dataset_all,5,9,15,2,0.7521616916793005,0.7209251506702865,1.056761056635393,-0.4444375891169695,1.0985814350454302
domain_b/series_007_event_6,domain_b/series_007,middle_30,learned_prototype_event_time__cross_dataset_compatible,learned_prototype_event_time,cross_dataset_compatible,5,9,15,2,0.7521616916793005,0.7209251506702865,1.056761056635393,-0.4444375891169695,1.0985814350454302
domain_b/series_007_event_6,domain_b/series_007,middle_30,learned_prototype_event_time__compatibility_top50,learned_prototype_event_time,compatibility_top50,5,9,15,2,0.4976977080942897,0.3493382621524261,0.6992479964201415,-0.8892622744354286,0.27736886431789165
domain_b/series_007_event_6,domain_b/series_007,middle_30,learned_prototype_event_time__strict_filter,learned_prototype_event_time,cross_dataset_compatible,5,9,15,2,0.7521616916793005,0.7209251506702865,1.056761056635393,-0.4444375891169695,1.0985814350454302
domain_b/series_007_event_6,domain_b/series_007,middle_30,dtw_aligned_donor__cross_dataset_compatible,dtw_aligned_donor,cross_dataset_compatible,5,9,15,2,0.2174024239679816,0.0783843061199185,0.3054428559829598,0.9157347336378043,0.3223052454607749
domain_c/series_008_event_0,domain_c/series_008,middle_30,learned_prototype_event_time__same_dataset_only,learned_prototype_event_time,same_dataset_only,3,5,8,2,0.06956260220119659,0.008660121713480174,0.15947481011225506,1.0,0.06956260220119659
domain_c/series_008_event_0,domain_c/series_008,middle_30,learned_prototype_event_time__cross_dataset_all,learned_prototype_event_time,cross_dataset_all,3,5,8,2,0.43061532704665706,0.18546247353902012,0.9872013889527982,1.0,0.43061532704665706
domain_c/series_008_event_0,domain_c/series_008,middle_30,learned_prototype_event_time__cross_dataset_compatible,learned_prototype_event_time,cross_dataset_compatible,3,5,8,2,0.43061532704665706,0.18546247353902012,0.9872013889527982,1.0,0.43061532704665706
domain_c/series_008_event_0,domain_c/series_008,middle_30,learned_prototype_event_time__compatibility_top50,learned_prototype_event_time,compatibility_top50,3,5,8,2,0.06956260220119659,0.008660121713480174,0.15947481011225506,1.0,0.06956260220119659
domain_c/series_008_event_0,domain_c/series_008,middle_30,learned_prototype_event_time__strict_filter,learned_prototype_event_time,cross_dataset_compatible,3,5,8,2,0.43061532704665706,0.18546247353902012,0.9872013889527982,1.0,0.43061532704665706
domain_c/series_008_event_0,domain_c/series_008,middle_30,dtw_aligned_donor__cross_dataset_compatible,dtw_aligned_donor,cross_dataset_compatible,3,5,8,2,0.12042755648262937,0.014595011166805873,0.27608457841762324,1.0,0.12042755648262937
domain_c/series_008_event_1,domain_c/series_008,middle_30,learned_prototype_event_time__same_dataset_only,learned_prototype_event_time,same_dataset_only,3,5,8,2,0.3984716360323952,0.17959768390669834,1.0631966792052863,-1.0,0.3984716360323952
domain_c/series_008_event_1,domain_c/series_008,middle_30,learned_prototype_event_time__cross_dataset_all,learned_prototype_event_time,cross_dataset_all,3,5,8,2,0.5435291010526733,0.3505308366743346,1.4502370634070827,-0.9999999999999999,0.5435291010526733
domain_c/series_008_event_1,domain_c/series_008,middle_30,learned_prototype_event_time__cross_dataset_compatible,learned_prototype_event_time,cross_dataset_compatible,3,5,8,2,0.5435291010526733,0.3505308366743346,1.4502370634070827,-0.9999999999999999,0.5435291010526733
domain_c/series_008_event_1,domain_c/series_008,middle_30,learned_prototype_event_time__compatibility_top50,learned_prototype_event_time,compatibility_top50,3,5,8,2,0.48223789182881305,0.2523513022787351,1.2867006803406935,-1.0,0.48223789182881305
domain_c/series_008_event_1,domain_c/series_008,middle_30,learned_prototype_event_time__strict_filter,learned_prototype_event_time,cross_dataset_compatible,3,5,8,2,0.5435291010526733,0.3505308366743346,1.4502370634070827,-0.9999999999999999,0.5435291010526733
domain_c/series_008_event_1,domain_c/series_008,middle_30,dtw_aligned_donor__cross_dataset_compatible,dtw_aligned_donor,cross_dataset_compatible,3,5,8,2,0.022895035546805165,0.0005253892052725389,0.06108822702168762,1.0,0.022895035546805165
domain_c/series_008_event_2,domain_c/series_008,middle_30,learned_prototype_event_time__same_dataset_only,learned_prototype_event_time,same_dataset_only,1,3,5,2,0.8246342409678644,0.7112326365553587,1.5077787863871968,1.0,0.8246342409678644
domain_c/series_008_event_2,domain_c/series_008,middle_30,learned_prototype_event_time__cross_dataset_all,learned_prototype_event_time,cross_dataset_all,1,3,5,2,0.31042076153541776,0.12770783910488087,0.5675799231280054,1.0,0.31042076153541776
domain_c/series_008_event_2,domain_c/series_008,middle_30,learned_prototype_event_time__cross_dataset_compatible,learned_prototype_event_time,cross_dataset_compatible,1,3,5,2,0.31042076153541776,0.12770783910488087,0.5675799231280054,1.0,0.31042076153541776
domain_c/series_008_event_2,domain_c/series_008,middle_30,learned_prototype_event_time__compatibility_top50,learned_prototype_event_time,compatibility_top50,1,3,5,2,0.8246342409678644,0.7112326365553587,1.5077787863871968,1.0,0.8246342409678644
domain_c/series_008_event_2,domain_c/series_008,middle_30,learned_prototype_event_time__strict_filter,learned_prototype_event_time,cross_dataset_compatible,1,3,5,2,0.31042076153541776,0.12770783910488087,0.5675799231280054,1.0,0.31042076153541776
domain_c/series_008_event_2,domain_c/series_008,middle_30,dtw_aligned_donor__cross_dataset_compatible,dtw_aligned_donor,cross_dataset_compatible,1,3,5,2,0.12074118163626202,0.019173916944718965,0.22076574470253374,0.9999999999999999,0.12074118163626202
domain_c/series_008_event_3,domain_c/series_008,middle_30,learned_prototype_event_time__same_dataset_only,learned_prototype_event_time,same_dataset_only,2,4,7,2,0.4493227007754833,0.2690041968888317,0.7642189062672113,-0.9999999999999999,0.4493227007754833
domain_c/series_008_event_3,domain_c/series_008,middle_30,learned_prototype_event_time__cross_dataset_all,learned_prototype_event_time,cross_dataset_all,2,4,7,2,1.2723353386429277,1.945182300487762,2.1640186868472475,-0.9999999999999998,1.2723353386429277
domain_c/series_008_event_3,domain_c/series_008,middle_30,learned_prototype_event_time__cross_dataset_compatible,learned_prototype_event_time,cross_dataset_compatible,2,4,7,2,1.2723353386429277,1.945182300487762,2.1640186868472475,-0.9999999999999998,1.2723353386429277
domain_c/series_008_event_3,domain_c/series_008,middle_30,learned_prototype_event_time__compatibility_top50,learned_prototype_event_time,compatibility_top50,2,4,7,2,0.4493227007754833,0.2690041968888317,0.7642189062672113,-0.9999999999999999,0.4493227007754833
domain_c/series_008_event_3,domain_c/series_008,middle_30,learned_prototype_event_time__strict_filter,learned_prototype_event_time,cross_dataset_compatible,2,4,7,2,1.2723353386429277,1.945182300487762,2.1640186868472475,-0.9999999999999998,1.2723353386429277
domain_c/series_008_event_3,domain_c/series_008,middle_30,dtw_aligned_donor__cross_dataset_compatible,dtw_aligned_donor,cross_dataset_compatible,2,4,7,2,0.7555844845884575,0.5951641559058553,1.285116348246103,0.9999999999999998,0.7555844845884575
domain_c/series_008_event_4,domain_c/series_008,middle_30,learned_prototype_event_time__same_dataset_only,learned_prototype_event_time,same_dataset_only,3,5,8,2,0.34115111486150407,0.13698393618137367,0.5733410175387088,1.0,0.34115111486150407
domain_c/series_008_event_4,domain_c/series_008,middle_30,learned_prototype_event_time__cross_dataset_all,learned_prototype_event_time,cross_dataset_all,3,5,8,2,0.5463995810671721,0.4440489732544676,0.9182830661976735,1.0,0.5463995810671721
domain_c/series_008_event_4,domain_c/series_008,middle_30,learned_prototype_event_time__cross_dataset_compatible,learned_prototype_event_time,cross_dataset_compatible,3,5,8,2,0.5463995810671721,0.4440489732544676,0.9182830661976735,1.0,0.5463995810671721
domain_c/series_008_event_4,domain_c/series_008,middle_30,learned_prototype_event_time__compatibility_top50,learned_prototype_event_time,compatibility_top50,3,5,8,2,0.28993437328559646,0.08457604681245504,0.4872657932438416,1.0,0.28993437328559646
domain_c/series_008_event_4,domain_c/series_008,middle_30,learned_prototype_event_time__strict_filter,learned_prototype_event_time,cross_dataset_compatible,3,5,8,2,0.5463995810671721,0.4440489732544676,0.9182830661976735,1.0,0.5463995810671721
domain_c/series_008_event_4,domain_c/series_008,middle_30,dtw_aligned_donor__cross_dataset_compatible,dtw_aligned_donor,cross_dataset_compatible,3,5,8,2,0.583750449987428,0.3705924079653685,0.9810552051701289,0.9999999999999999,0.583750449987428
domain_c/series_008_event_5,domain_c/series_008,middle_30,learned_prototype_event_time__same_dataset_only,learned_prototype_event_time,same_dataset_only,3,5,8,2,0.5864334163868485,0.42750853159946656,1.190635514072513,-1.0,0.5864334163868485
domain_c/series_008_event_5,domain_c/series_008,middle_30,learned_prototype_event_time__cross_dataset_all,learned_prototype_event_time,cross_dataset_all,3,5,8,2,0.45907233410051695,0.21812210569532964,0.9320543632658094,1.0,0.45907233410051695
domain_c/series_008_event_5,domain_c/series_008,middle_30,learned_prototype_event_time__cross_dataset_compatible,learned_prototype_event_time,cross_dataset_compatible,3,5,8,2,0.45907233410051695,0.21812210569532964,0.9320543632658094,1.0,0.45907233410051695
domain_c/series_008_event_5,domain_c/series_008,middle_30,learned_prototype_event_time__compatibility_top50,learned_prototype_event_time,compatibility_top50,3,5,8,2,0.5864334163868485,0.42750853159946656,1.190635514072513,-1.0,0.5864334163868485
domain_c/series_008_event_5,domain_c/series_008,middle_30,learned_prototype_event_time__strict_filter,learned_prototype_event_time,cross_dataset_compatible,3,5,8,2,0.45907233410051695,0.21812210569532964,0.9320543632658094,1.0,0.45907233410051695
domain_c/series_008_event_5,domain_c/series_008,middle_30,dtw_aligned_donor__cross_dataset_compatible,dtw_aligned_donor,cross_dataset_compatible,3,5,8,2,0.30587926092987106,0.12335588900414254,0.6210265324326506,1.0,0.30587926092987106
domain_c/series_008_event_6,domain_c/series_008,middle_30,learned_prototype_event_time__same_dataset_only,learned_prototype_event_time,same_dataset_only,1,3,5,2,0.3228478375918744,0.19474237985658244,0.43619832784460366,1.0,0.3228478375918744
domain_c/series_008_event_6,domain_c/series_008,middle_30,learned_prototype_event_time__cross_dataset_all,learned_prototype_event_time,cross_dataset_all,1,3,5,2,0.5794204745325369,0.43381990711041196,0.7828525165143634,1.0,0.5794204745325369
domain_c/series_008_event_6,domain_c/series_008,middle_30,learned_prototype_event_time__cross_dataset_compatible,learned_prototype_event_time,cross_dataset_compatible,1,3,5,2,0.5794204745325369,0.43381990711041196,0.7828525165143634,1.0,0.5794204745325369
domain_c/series_008_event_6,domain_c/series_008,middle_30,learned_prototype_event_time__compatibility_top50,learned_prototype_event_time,compatibility_top50,1,3,5,2,0.2973459369111382,0.16956915985264653,0.4017428192781859,1.0,0.2973459369111382
domain_c/series_008_event_6,domain_c/series_008,middle_30,learned_prototype_event_time__strict_filter,learned_prototype_event_time,cross_dataset_compatible,1,3,5,2,0.5794204745325369,0.43381990711041196,0.7828525165143634,1.0,0.5794204745325369
domain_c/series_008_event_6,domain_c/series_008,middle_30,dtw_aligned_donor__cross_dataset_compatible,dtw_aligned_donor,cross_dataset_compatible,1,3,5,2,0.582319822888449,0.4187175553998107,0.7867698136352647,1.0,0.582319822888449
domain_c/series_008_event_7,domain_c/series_008,middle_30,learned_prototype_event_time__same_dataset_only,learned_prototype_event_time,same_dataset_only,1,3,5,2,0.35095970637621576,0.12389562097308071,1.1560919392018008,0.9999999999999999,0.35095970637621576
domain_c/series_008_event_7,domain_c/series_008,middle_30,learned_prototype_event_time__cross_dataset_all,learned_prototype_event_time,cross_dataset_all,1,3,5,2,0.11847360741967528,0.027251473051669493,0.39026241490874275,1.0,0.11847360741967528
domain_c/series_008_event_7,domain_c/series_008,middle_30,learned_prototype_event_time__cross_dataset_compatible,learned_prototype_event_time,cross_dataset_compatible,1,3,5,2,0.11847360741967528,0.027251473051669493,0.39026241490874275,1.0,0.11847360741967528
domain_c/series_008_event_7,domain_c/series_008,middle_30,learned_prototype_event_time__compatibility_top50,learned_prototype_event_time,compatibility_top50,1,3,5,2,0.22635534120455736,0.0520693077903534,0.7456342725604592,1.0,0.22635534120455736
domain_c/series_008_event_7,domain_c/series_008,middle_30,learned_prototype_event_time__strict_filter,learned_prototype_event_time,cross_dataset_compatible,1,3,5,2,0.11847360741967528,0.027251473051669493,0.39026241490874275,1.0,0.11847360741967528
domain_c/series_008_event_7,domain_c/series_008,middle_30,dtw_aligned_donor__cross_dataset_compatible,dtw_aligned_donor,cross_dataset_compatible,1,3,5,2,0.0718001065312559,0.0055764483518177446,0.2365158247130357,1.0,0.0718001065312559
domain_c/series_008_event_8,domain_c/series_008,middle_30,learned_prototype_event_time__same_dataset_only,learned_prototype_event_time,same_dataset_only,3,5,8,2,0.25639453990722205,0.06612114662990237,0.470931516850692,1.0,0.25639453990722205
domain_c/series_008_event_8,domain_c/series_008,middle_30,learned_prototype_event_time__cross_dataset_all,learned_prototype_event_time,cross_dataset_all,3,5,8,2,0.9577101316687222,0.9187311770543968,1.7590697725982394,1.0,0.9577101316687223
domain_c/series_008_event_8,domain_c/series_008,middle_30,learned_prototype_event_time__cross_dataset_compatible,learned_prototype_event_time,cross_dataset_compatible,3,5,8,2,0.9577101316687222,0.9187311770543968,1.7590697725982394,1.0,0.9577101316687223
domain_c/series_008_event_8,domain_c/series_008,middle_30,learned_prototype_event_time__compatibility_top50,learned_prototype_event_time,compatibility_top50,3,5,8,2,0.3253594356184444,0.1571810017045748,0.5976024785587221,1.0,0.3253594356184444
domain_c/series_008_event_8,domain_c/series_008,middle_30,learned_prototype_event_time__strict_filter,learned_prototype_event_time,cross_dataset_compatible,3,5,8,2,0.9577101316687222,0.9187311770543968,1.7590697725982394,1.0,0.9577101316687223
domain_c/series_008_event_8,domain_c/series_008,middle_30,dtw_aligned_donor__cross_dataset_compatible,dtw_aligned_donor,cross_dataset_compatible,3,5,8,2,0.25885610659763914,0.07792339087883153,0.4754527883869998,1.0,0.25885610659763914
domain_c/series_008_event_9,domain_c/series_008,middle_30,learned_prototype_event_time__same_dataset_only,learned_prototype_event_time,same_dataset_only,2,4,6,2,0.5231095090557552,0.27551848932335354,1.1623546113903147,1.0,0.5231095090557552
domain_c/series_008_event_9,domain_c/series_008,middle_30,learned_prototype_event_time__cross_dataset_all,learned_prototype_event_time,cross_dataset_all,2,4,6,2,0.2685544400237343,0.09785032542331489,0.5967306775485522,1.0,0.2685544400237343
domain_c/series_008_event_9,domain_c/series_008,middle_30,learned_prototype_event_time__cross_dataset_compatible,learned_prototype_event_time,cross_dataset_compatible,2,4,6,2,0.2685544400237343,0.09785032542331489,0.5967306775485522,1.0,0.2685544400237343
domain_c/series_008_event_9,domain_c/series_008,middle_30,learned_prototype_event_time__compatibility_top50,learned_prototype_event_time,compatibility_top50,2,4,6,2,0.10227822425774369,0.01949173920369462,0.2272632470883454,1.0,0.10227822425774369
domain_c/series_008_event_9,domain_c/series_008,middle_30,learned_prototype_event_time__strict_filter,learned_prototype_event_time,cross_dataset_compatible,2,4,6,2,0.2685544400237343,0.09785032542331489,0.5967306775485522,1.0,0.2685544400237343
domain_c/series_008_event_9,domain_c/series_008,middle_30,dtw_aligned_donor__cross_dataset_compatible,dtw_aligned_donor,cross_dataset_compatible,2,4,6,2,0.1824880730657661,0.056388843956838304,0.40549034108481047,1.0,0.1824880730657661
domain_c/series_020_event_0,domain_c/series_020,middle_30,learned_prototype_event_time__same_dataset_only,learned_prototype_event_time,same_dataset_only,2,4,6,2,0.4362465013512715,0.32293647159975,1.2683482995478605,-1.0,0.4362465013512715
domain_c/series_020_event_0,domain_c/series_020,middle_30,learned_prototype_event_time__cross_dataset_all,learned_prototype_event_time,cross_dataset_all,2,4,6,2,0.3955211228378017,0.16848944931371534,1.1499428466078268,1.0,0.3955211228378017
domain_c/series_020_event_0,domain_c/series_020,middle_30,learned_prototype_event_time__cross_dataset_compatible,learned_prototype_event_time,cross_dataset_compatible,2,4,6,2,0.3955211228378017,0.16848944931371534,1.1499428466078268,1.0,0.3955211228378017
domain_c/series_020_event_0,domain_c/series_020,middle_30,learned_prototype_event_time__compatibility_top50,learned_prototype_event_time,compatibility_top50,2,4,6,2,0.3786309202073517,0.2349538724006766,1.1008360693179378,-1.0,0.3786309202073517
domain_c/series_020_event_0,domain_c/series_020,middle_30,learned_prototype_event_time__strict_filter,learned_prototype_event_time,cross_dataset_compatible,2,4,6,2,0.3955211228378017,0.16848944931371534,1.1499428466078268,1.0,0.3955211228378017
domain_c/series_020_event_0,domain_c/series_020,middle_30,dtw_aligned_donor__cross_dataset_compatible,dtw_aligned_donor,cross_dataset_compatible,2,4,6,2,0.2165185182640792,0.04841735114225755,0.6295085315532165,0.9999999999999999,0.2165185182640792
domain_c/series_020_event_1,domain_c/series_020,middle_30,learned_prototype_event_time__same_dataset_only,learned_prototype_event_time,same_dataset_only,2,4,6,2,0.07192042365001816,0.006177025549827869,0.22525182148565034,-1.0,0.07192042365001816
domain_c/series_020_event_1,domain_c/series_020,middle_30,learned_prototype_event_time__cross_dataset_all,learned_prototype_event_time,cross_dataset_all,2,4,6,2,0.6259119334109404,0.40149257239354186,1.9603305422184316,-1.0,0.6259119334109404
domain_c/series_020_event_1,domain_c/series_020,middle_30,learned_prototype_event_time__cross_dataset_compatible,learned_prototype_event_time,cross_dataset_compatible,2,4,6,2,0.6259119334109404,0.40149257239354186,1.9603305422184316,-1.0,0.6259119334109404
domain_c/series_020_event_1,domain_c/series_020,middle_30,learned_prototype_event_time__compatibility_top50,learned_prototype_event_time,compatibility_top50,2,4,6,2,0.07192042365001816,0.006177025549827869,0.22525182148565034,-1.0,0.07192042365001816
domain_c/series_020_event_1,domain_c/series_020,middle_30,learned_prototype_event_time__strict_filter,learned_prototype_event_time,cross_dataset_compatible,2,4,6,2,0.6259119334109404,0.40149257239354186,1.9603305422184316,-1.0,0.6259119334109404
domain_c/series_020_event_1,domain_c/series_020,middle_30,dtw_aligned_donor__cross_dataset_compatible,dtw_aligned_donor,cross_dataset_compatible,2,4,6,2,0.1614334132027031,0.026060747194776454,0.5056028389029842,0.0,0.1614334132027031
domain_c/series_020_event_2,domain_c/series_020,middle_30,learned_prototype_event_time__same_dataset_only,learned_prototype_event_time,same_dataset_only,3,5,8,2,0.32163816737290407,0.11185709777235257,0.8614465802178096,1.0,0.32163816737290407
domain_c/series_020_event_2,domain_c/series_020,middle_30,learned_prototype_event_time__cross_dataset_all,learned_prototype_event_time,cross_dataset_all,3,5,8,2,0.5425615859567186,0.30371247002028134,1.4531478853940913,-0.9999999999999999,0.5425615859567186
domain_c/series_020_event_2,domain_c/series_020,middle_30,learned_prototype_event_time__cross_dataset_compatible,learned_prototype_event_time,cross_dataset_compatible,3,5,8,2,0.5425615859567186,0.30371247002028134,1.4531478853940913,-0.9999999999999999,0.5425615859567186
domain_c/series_020_event_2,domain_c/series_020,middle_30,learned_prototype_event_time__compatibility_top50,learned_prototype_event_time,compatibility_top50,3,5,8,2,0.6561859266774739,0.48745657361004346,1.7574690439894123,1.0,0.6561859266774739
domain_c/series_020_event_2,domain_c/series_020,middle_30,learned_prototype_event_time__strict_filter,learned_prototype_event_time,cross_dataset_compatible,3,5,8,2,0.5425615859567186,0.30371247002028134,1.4531478853940913,-0.9999999999999999,0.5425615859567186
domain_c/series_020_event_2,domain_c/series_020,middle_30,dtw_aligned_donor__cross_dataset_compatible,dtw_aligned_donor,cross_dataset_compatible,3,5,8,2,0.020835119393900925,0.0007932585758162984,0.05580289956538829,1.0,0.020835119393900925
domain_c/series_020_event_3,domain_c/series_020,middle_30,learned_prototype_event_time__same_dataset_only,learned_prototype_event_time,same_dataset_only,2,4,7,2,0.3974699586693349,0.1641599675802293,0.8329069953801835,1.0,0.3974699586693349
domain_c/series_020_event_3,domain_c/series_020,middle_30,learned_prototype_event_time__cross_dataset_all,learned_prototype_event_time,cross_dataset_all,2,4,7,2,1.018481476022223,1.0411068241862877,2.134250218265593,1.0,1.018481476022223
domain_c/series_020_event_3,domain_c/series_020,middle_30,learned_prototype_event_time__cross_dataset_compatible,learned_prototype_event_time,cross_dataset_compatible,2,4,7,2,1.018481476022223,1.0411068241862877,2.134250218265593,1.0,1.018481476022223
domain_c/series_020_event_3,domain_c/series_020,middle_30,learned_prototype_event_time__compatibility_top50,learned_prototype_event_time,compatibility_top50,2,4,7,2,0.343872284150176,0.14895887796360696,0.7205918956615245,1.0,0.343872284150176
domain_c/series_020_event_3,domain_c/series_020,middle_30,learned_prototype_event_time__strict_filter,learned_prototype_event_time,cross_dataset_compatible,2,4,7,2,1.018481476022223,1.0411068241862877,2.134250218265593,1.0,1.018481476022223
domain_c/series_020_event_3,domain_c/series_020,middle_30,dtw_aligned_donor__cross_dataset_compatible,dtw_aligned_donor,cross_dataset_compatible,2,4,7,2,0.35046387003969803,0.12282499632482989,0.7344047081226535,1.0,0.35046387003969803
domain_c/series_020_event_4,domain_c/series_020,middle_30,learned_prototype_event_time__same_dataset_only,learned_prototype_event_time,same_dataset_only,2,4,7,2,0.14237607243872274,0.03303533303610538,0.5010165348146893,-1.0,0.14237607243872274
domain_c/series_020_event_4,domain_c/series_020,middle_30,learned_prototype_event_time__cross_dataset_all,learned_prototype_event_time,cross_dataset_all,2,4,7,2,0.23509519229318165,0.07314938454442169,0.8272919499518931,-1.0,0.23509519229318165
domain_c/series_020_event_4,domain_c/series_020,middle_30,learned_prototype_event_time__cross_dataset_compatible,learned_prototype_event_time,cross_dataset_compatible,2,4,7,2,0.23509519229318165,0.07314938454442169,0.8272919499518931,-1.0,0.23509519229318165
domain_c/series_020_event_4,domain_c/series_020,middle_30,learned_prototype_event_time__compatibility_top50,learned_prototype_event_time,compatibility_top50,2,4,7,2,0.24387248974250764,0.11770952797419063,0.8581789598108832,-1.0,0.24387248974250764
domain_c/series_020_event_4,domain_c/series_020,middle_30,learned_prototype_event_time__strict_filter,learned_prototype_event_time,cross_dataset_compatible,2,4,7,2,0.23509519229318165,0.07314938454442169,0.8272919499518931,-1.0,0.23509519229318165
domain_c/series_020_event_4,domain_c/series_020,middle_30,dtw_aligned_donor__cross_dataset_compatible,dtw_aligned_donor,cross_dataset_compatible,2,4,7,2,0.17490529084567952,0.050032318359595145,0.6154857430694546,-0.9999999999999998,0.17490529084567952
domain_c/series_020_event_5,domain_c/series_020,middle_30,learned_prototype_event_time__same_dataset_only,learned_prototype_event_time,same_dataset_only,1,3,5,2,0.7899399220820624,0.6955648934947146,2.7539620285742976,-1.0,0.7899399220820624
domain_c/series_020_event_5,domain_c/series_020,middle_30,learned_prototype_event_time__cross_dataset_all,learned_prototype_event_time,cross_dataset_all,1,3,5,2,0.7871677720633061,0.7113374872810564,2.7442975013415882,-1.0,0.7871677720633061
domain_c/series_020_event_5,domain_c/series_020,middle_30,learned_prototype_event_time__cross_dataset_compatible,learned_prototype_event_time,cross_dataset_compatible,1,3,5,2,0.7871677720633061,0.7113374872810564,2.7442975013415882,-1.0,0.7871677720633061
domain_c/series_020_event_5,domain_c/series_020,middle_30,learned_prototype_event_time__compatibility_top50,learned_prototype_event_time,compatibility_top50,1,3,5,2,0.7899399220820624,0.6955648934947146,2.7539620285742976,-1.0,0.7899399220820624
domain_c/series_020_event_5,domain_c/series_020,middle_30,learned_prototype_event_time__strict_filter,learned_prototype_event_time,cross_dataset_compatible,1,3,5,2,0.7871677720633061,0.7113374872810564,2.7442975013415882,-1.0,0.7871677720633061
domain_c/series_020_event_5,domain_c/series_020,middle_30,dtw_aligned_donor__cross_dataset_compatible,dtw_aligned_donor,cross_dataset_compatible,1,3,5,2,0.637168134031356,0.4502255952759454,2.221354811787324,1.0,0.637168134031356
domain_c/series_020_event_6,domain_c/series_020,middle_30,learned_prototype_event_time__same_dataset_only,learned_prototype_event_time,same_dataset_only,2,4,6,2,0.30269146216519505,0.09430059359098761,1.6486578278297142,0.9999999999999999,0.30269146216519505
domain_c/series_020_event_6,domain_c/series_020,middle_30,learned_prototype_event_time__cross_dataset_all,learned_prototype_event_time,cross_dataset_all,2,4,6,2,0.24158834560475984,0.06298924362792344,1.31584985663172,1.0,0.24158834560475984
domain_c/series_020_event_6,domain_c/series_020,middle_30,learned_prototype_event_time__cross_dataset_compatible,learned_prototype_event_time,cross_dataset_compatible,2,4,6,2,0.24158834560475984,0.06298924362792344,1.31584985663172,1.0,0.24158834560475984
domain_c/series_020_event_6,domain_c/series_020,middle_30,learned_prototype_event_time__compatibility_top50,learned_prototype_event_time,compatibility_top50,2,4,6,2,0.30269146216519505,0.09430059359098761,1.6486578278297142,0.9999999999999999,0.30269146216519505
domain_c/series_020_event_6,domain_c/series_020,middle_30,learned_prototype_event_time__strict_filter,learned_prototype_event_time,cross_dataset_compatible,2,4,6,2,0.24158834560475984,0.06298924362792344,1.31584985663172,1.0,0.24158834560475984
domain_c/series_020_event_6,domain_c/series_020,middle_30,dtw_aligned_donor__cross_dataset_compatible,dtw_aligned_donor,cross_dataset_compatible,2,4,6,2,0.1862636234044568,0.03656689865332489,1.0145148415124137,0.9999999999999998,0.1862636234044568
domain_c/series_020_event_7,domain_c/series_020,middle_30,learned_prototype_event_time__same_dataset_only,learned_prototype_event_time,same_dataset_only,1,3,5,2,0.15952037158578514,0.041439199891471365,0.613028717444565,1.0,0.15952037158578514
domain_c/series_020_event_7,domain_c/series_020,middle_30,learned_prototype_event_time__cross_dataset_all,learned_prototype_event_time,cross_dataset_all,1,3,5,2,0.13546214588302652,0.01871388117071695,0.5205741732384492,0.9999999999999998,0.13546214588302652
domain_c/series_020_event_7,domain_c/series_020,middle_30,learned_prototype_event_time__cross_dataset_compatible,learned_prototype_event_time,cross_dataset_compatible,1,3,5,2,0.13546214588302652,0.01871388117071695,0.5205741732384492,0.9999999999999998,0.13546214588302652
domain_c/series_020_event_7,domain_c/series_020,middle_30,learned_prototype_event_time__compatibility_top50,learned_prototype_event_time,compatibility_top50,1,3,5,2,0.07072011879095919,0.006220462705718718,0.27177383859487086,1.0,0.07072011879095919
domain_c/series_020_event_7,domain_c/series_020,middle_30,learned_prototype_event_time__strict_filter,learned_prototype_event_time,cross_dataset_compatible,1,3,5,2,0.13546214588302652,0.01871388117071695,0.5205741732384492,0.9999999999999998,0.13546214588302652
domain_c/series_020_event_7,domain_c/series_020,middle_30,dtw_aligned_donor__cross_dataset_compatible,dtw_aligned_donor,cross_dataset_compatible,1,3,5,2,0.11316899101920108,0.01677859928102216,0.43490270696672834,1.0,0.11316899101920108
domain_c/series_020_event_8,domain_c/series_020,middle_30,learned_prototype_event_time__same_dataset_only,learned_prototype_event_time,same_dataset_only,2,4,6,2,0.9383318294894125,0.8885786380053633,2.111605159104659,1.0,0.9383318294894124
domain_c/series_020_event_8,domain_c/series_020,middle_30,learned_prototype_event_time__cross_dataset_all,learned_prototype_event_time,cross_dataset_all,2,4,6,2,0.6631646079040312,0.4398703404686882,1.492373767335334,1.0,0.6631646079040312
domain_c/series_020_event_8,domain_c/series_020,middle_30,learned_prototype_event_time__cross_dataset_compatible,learned_prototype_event_time,cross_dataset_compatible,2,4,6,2,0.6631646079040312,0.4398703404686882,1.492373767335334,1.0,0.6631646079040312
domain_c/series_020_event_8,domain_c/series_020,middle_30,learned_prototype_event_time__compatibility_top50,learned_prototype_event_time,compatibility_top50,2,4,6,2,0.9383318294894125,0.8885786380053633,2.111605159104659,1.0,0.9383318294894124
domain_c/series_020_event_8,domain_c/series_020,middle_30,learned_prototype_event_time__strict_filter,learned_prototype_event_time,cross_dataset_compatible,2,4,6,2,0.6631646079040312,0.4398703404686882,1.492373767335334,1.0,0.6631646079040312
domain_c/series_020_event_8,domain_c/series_020,middle_30,dtw_aligned_donor__cross_dataset_compatible,dtw_aligned_donor,cross_dataset_compatible,2,4,6,2,0.5717181710920693,0.3314153713588964,1.2865843422244427,-1.0,0.5717181710920693
domain_c/series_020_event_9,domain_c/series_020,middle_30,learned_prototype_event_time__same_dataset_only,learned_prototype_event_time,same_dataset_only,3,5,8,2,0.735585478253186,0.7251939461275524,1.3812688589237734,-1.0,0.735585478253186
domain_c/series_020_event_9,domain_c/series_020,middle_30,learned_prototype_event_time__cross_dataset_all,learned_prototype_event_time,cross_dataset_all,3,5,8,2,0.43778741764396856,0.2126520605244885,0.8220691472271473,-0.9999999999999998,0.43778741764396856
domain_c/series_020_event_9,domain_c/series_020,middle_30,learned_prototype_event_time__cross_dataset_compatible,learned_prototype_event_time,cross_dataset_compatible,3,5,8,2,0.43778741764396856,0.2126520605244885,0.8220691472271473,-0.9999999999999998,0.43778741764396856
domain_c/series_020_event_9,domain_c/series_020,middle_30,learned_prototype_event_time__compatibility_top50,learned_prototype_event_time,compatibility_top50,3,5,8,2,0.9117677942178841,1.0059775694746598,1.7121007659279848,-1.0,0.9117677942178841
domain_c/series_020_event_9,domain_c/series_020,middle_30,learned_prototype_event_time__strict_filter,learned_prototype_event_time,cross_dataset_compatible,3,5,8,2,0.43778741764396856,0.2126520605244885,0.8220691472271473,-0.9999999999999998,0.43778741764396856
domain_c/series_020_event_9,domain_c/series_020,middle_30,dtw_aligned_donor__cross_dataset_compatible,dtw_aligned_donor,cross_dataset_compatible,3,5,8,2,0.17121329048599243,0.0362221637137039,0.3215011625076858,1.0,0.17121329048599243
domain_c/series_023_event_0,domain_c/series_023,middle_30,learned_prototype_event_time__same_dataset_only,learned_prototype_event_time,same_dataset_only,2,4,6,2,0.5579962832684979,0.34202944247268646,1.408926066553419,1.0,0.5579962832684979
domain_c/series_023_event_0,domain_c/series_023,middle_30,learned_prototype_event_time__cross_dataset_all,learned_prototype_event_time,cross_dataset_all,2,4,6,2,0.4785002501920925,0.23093286452709028,1.208200655744462,1.0,0.4785002501920925
domain_c/series_023_event_0,domain_c/series_023,middle_30,learned_prototype_event_time__cross_dataset_compatible,learned_prototype_event_time,cross_dataset_compatible,2,4,6,2,0.4785002501920925,0.23093286452709028,1.208200655744462,1.0,0.4785002501920925
domain_c/series_023_event_0,domain_c/series_023,middle_30,learned_prototype_event_time__compatibility_top50,learned_prototype_event_time,compatibility_top50,2,4,6,2,0.6491126471432,0.4280244560015436,1.6389925096498899,1.0,0.6491126471432
domain_c/series_023_event_0,domain_c/series_023,middle_30,learned_prototype_event_time__strict_filter,learned_prototype_event_time,cross_dataset_compatible,2,4,6,2,0.4785002501920925,0.23093286452709028,1.208200655744462,1.0,0.4785002501920925
domain_c/series_023_event_0,domain_c/series_023,middle_30,dtw_aligned_donor__cross_dataset_compatible,dtw_aligned_donor,cross_dataset_compatible,2,4,6,2,0.2775615953818287,0.12491592024332555,0.7008357914445794,1.0,0.2775615953818287
domain_c/series_023_event_1,domain_c/series_023,middle_30,learned_prototype_event_time__same_dataset_only,learned_prototype_event_time,same_dataset_only,2,4,7,2,0.5412087622606727,0.30991896033029437,1.3327882832399336,1.0,0.5412087622606727
domain_c/series_023_event_1,domain_c/series_023,middle_30,learned_prototype_event_time__cross_dataset_all,learned_prototype_event_time,cross_dataset_all,2,4,7,2,0.5492060727525632,0.3289834984325248,1.3524825721433522,1.0,0.5492060727525632
domain_c/series_023_event_1,domain_c/series_023,middle_30,learned_prototype_event_time__cross_dataset_compatible,learned_prototype_event_time,cross_dataset_compatible,2,4,7,2,0.5492060727525632,0.3289834984325248,1.3524825721433522,1.0,0.5492060727525632
domain_c/series_023_event_1,domain_c/series_023,middle_30,learned_prototype_event_time__compatibility_top50,learned_prototype_event_time,compatibility_top50,2,4,7,2,0.5412087622606727,0.30991896033029437,1.3327882832399336,1.0,0.5412087622606727
domain_c/series_023_event_1,domain_c/series_023,middle_30,learned_prototype_event_time__strict_filter,learned_prototype_event_time,cross_dataset_compatible,2,4,7,2,0.5492060727525632,0.3289834984325248,1.3524825721433522,1.0,0.5492060727525632
domain_c/series_023_event_1,domain_c/series_023,middle_30,dtw_aligned_donor__cross_dataset_compatible,dtw_aligned_donor,cross_dataset_compatible,2,4,7,2,0.3568485965371122,0.17429158526652758,0.8787803552341663,1.0,0.3568485965371122
domain_c/series_023_event_2,domain_c/series_023,middle_30,learned_prototype_event_time__same_dataset_only,learned_prototype_event_time,same_dataset_only,2,4,6,2,0.8636800122523771,0.8942329189774978,1.87215360737782,1.0,0.8636800122523771
domain_c/series_023_event_2,domain_c/series_023,middle_30,learned_prototype_event_time__cross_dataset_all,learned_prototype_event_time,cross_dataset_all,2,4,6,2,0.32752257025099074,0.16466084350995241,0.7099534002112252,1.0,0.32752257025099074
domain_c/series_023_event_2,domain_c/series_023,middle_30,learned_prototype_event_time__cross_dataset_compatible,learned_prototype_event_time,cross_dataset_compatible,2,4,6,2,0.32752257025099074,0.16466084350995241,0.7099534002112252,1.0,0.32752257025099074
domain_c/series_023_event_2,domain_c/series_023,middle_30,learned_prototype_event_time__compatibility_top50,learned_prototype_event_time,compatibility_top50,2,4,6,2,0.32752257025099074,0.16466084350995241,0.7099534002112252,1.0,0.32752257025099074
domain_c/series_023_event_2,domain_c/series_023,middle_30,learned_prototype_event_time__strict_filter,learned_prototype_event_time,cross_dataset_compatible,2,4,6,2,0.32752257025099074,0.16466084350995241,0.7099534002112252,1.0,0.32752257025099074
domain_c/series_023_event_2,domain_c/series_023,middle_30,dtw_aligned_donor__cross_dataset_compatible,dtw_aligned_donor,cross_dataset_compatible,2,4,6,2,0.28794532843277443,0.08657880672528395,0.6241639006408836,1.0,0.28794532843277443
domain_c/series_023_event_3,domain_c/series_023,middle_30,learned_prototype_event_time__same_dataset_only,learned_prototype_event_time,same_dataset_only,2,4,6,2,0.49152391667587947,0.24253381275059588,0.5337942772741762,1.0,0.49152391667587947
domain_c/series_023_event_3,domain_c/series_023,middle_30,learned_prototype_event_time__cross_dataset_all,learned_prototype_event_time,cross_dataset_all,2,4,6,2,0.21355891087413903,0.07788737457847156,0.23192467470650627,1.0,0.21355891087413903
domain_c/series_023_event_3,domain_c/series_023,middle_30,learned_prototype_event_time__cross_dataset_compatible,learned_prototype_event_time,cross_dataset_compatible,2,4,6,2,0.21355891087413903,0.07788737457847156,0.23192467470650627,1.0,0.21355891087413903
domain_c/series_023_event_3,domain_c/series_023,middle_30,learned_prototype_event_time__compatibility_top50,learned_prototype_event_time,compatibility_top50,2,4,6,2,0.5220506928848763,0.2782353454281354,0.5669463129964525,1.0,0.5220506928848763
domain_c/series_023_event_3,domain_c/series_023,middle_30,learned_prototype_event_time__strict_filter,learned_prototype_event_time,cross_dataset_compatible,2,4,6,2,0.21355891087413903,0.07788737457847156,0.23192467470650627,1.0,0.21355891087413903
domain_c/series_023_event_3,domain_c/series_023,middle_30,dtw_aligned_donor__cross_dataset_compatible,dtw_aligned_donor,cross_dataset_compatible,2,4,6,2,0.09247206661669338,0.008578845312438691,0.1004245333605139,1.0,0.09247206661669338
domain_c/series_023_event_4,domain_c/series_023,middle_30,learned_prototype_event_time__same_dataset_only,learned_prototype_event_time,same_dataset_only,4,8,13,2,0.7156488920471705,1.1384185523679433,0.7341831165410023,0.9316367180034871,1.0858251230116436
domain_c/series_023_event_4,domain_c/series_023,middle_30,learned_prototype_event_time__cross_dataset_all,learned_prototype_event_time,cross_dataset_all,4,8,13,2,1.2709204351238546,2.61986345651798,1.3038353532074995,0.5893971072910744,1.8953709179342182
domain_c/series_023_event_4,domain_c/series_023,middle_30,learned_prototype_event_time__cross_dataset_compatible,learned_prototype_event_time,cross_dataset_compatible,4,8,13,2,1.2709204351238546,2.61986345651798,1.3038353532074995,0.5893971072910744,1.8953709179342182
domain_c/series_023_event_4,domain_c/series_023,middle_30,learned_prototype_event_time__compatibility_top50,learned_prototype_event_time,compatibility_top50,4,8,13,2,0.5820110349286859,1.0144995726874726,0.5970842409367302,0.9173469455433747,1.018598728493473
domain_c/series_023_event_4,domain_c/series_023,middle_30,learned_prototype_event_time__strict_filter,learned_prototype_event_time,cross_dataset_compatible,4,8,13,2,1.2709204351238546,2.61986345651798,1.3038353532074995,0.5893971072910744,1.8953709179342182
domain_c/series_023_event_4,domain_c/series_023,middle_30,dtw_aligned_donor__cross_dataset_compatible,dtw_aligned_donor,cross_dataset_compatible,4,8,13,2,0.6368750899773503,1.0130876470893828,0.6533691920759414,0.7966652919979851,1.0827314257698535
domain_c/series_023_event_5,domain_c/series_023,middle_30,learned_prototype_event_time__same_dataset_only,learned_prototype_event_time,same_dataset_only,1,3,5,2,0.7068649343858666,0.6111187399356297,1.481960047562731,1.0,0.7068649343858666
domain_c/series_023_event_5,domain_c/series_023,middle_30,learned_prototype_event_time__cross_dataset_all,learned_prototype_event_time,cross_dataset_all,1,3,5,2,0.5762482064335939,0.37587948685362593,1.2081188044165938,1.0,0.5762482064335939
domain_c/series_023_event_5,domain_c/series_023,middle_30,learned_prototype_event_time__cross_dataset_compatible,learned_prototype_event_time,cross_dataset_compatible,1,3,5,2,0.5762482064335939,0.37587948685362593,1.2081188044165938,1.0,0.5762482064335939
domain_c/series_023_event_5,domain_c/series_023,middle_30,learned_prototype_event_time__compatibility_top50,learned_prototype_event_time,compatibility_top50,1,3,5,2,0.9388521022599761,0.902186146263946,1.9683269581456597,0.9999999999999999,0.9388521022599761
domain_c/series_023_event_5,domain_c/series_023,middle_30,learned_prototype_event_time__strict_filter,learned_prototype_event_time,cross_dataset_compatible,1,3,5,2,0.5762482064335939,0.37587948685362593,1.2081188044165938,1.0,0.5762482064335939
domain_c/series_023_event_5,domain_c/series_023,middle_30,dtw_aligned_donor__cross_dataset_compatible,dtw_aligned_donor,cross_dataset_compatible,1,3,5,2,0.42607620590192297,0.28630459410358616,0.8932794422916939,1.0,0.42607620590192297
domain_c/series_023_event_6,domain_c/series_023,middle_30,learned_prototype_event_time__same_dataset_only,learned_prototype_event_time,same_dataset_only,2,4,6,2,0.3003821699730125,0.10132994836432441,0.7051842120624779,1.0,0.3003821699730125
domain_c/series_023_event_6,domain_c/series_023,middle_30,learned_prototype_event_time__cross_dataset_all,learned_prototype_event_time,cross_dataset_all,2,4,6,2,0.2513012471520848,0.06927347969960873,0.58996068900888,1.0,0.2513012471520848
domain_c/series_023_event_6,domain_c/series_023,middle_30,learned_prototype_event_time__cross_dataset_compatible,learned_prototype_event_time,cross_dataset_compatible,2,4,6,2,0.2513012471520848,0.06927347969960873,0.58996068900888,1.0,0.2513012471520848
domain_c/series_023_event_6,domain_c/series_023,middle_30,learned_prototype_event_time__compatibility_top50,learned_prototype_event_time,compatibility_top50,2,4,6,2,0.30297043599924245,0.09490192461181207,0.7112604859587583,1.0,0.30297043599924245
domain_c/series_023_event_6,domain_c/series_023,middle_30,learned_prototype_event_time__strict_filter,learned_prototype_event_time,cross_dataset_compatible,2,4,6,2,0.2513012471520848,0.06927347969960873,0.58996068900888,1.0,0.2513012471520848
domain_c/series_023_event_6,domain_c/series_023,middle_30,dtw_aligned_donor__cross_dataset_compatible,dtw_aligned_donor,cross_dataset_compatible,2,4,6,2,0.18918210512244893,0.03605154809379902,0.4441283374079125,1.0,0.18918210512244893
domain_c/series_023_event_7,domain_c/series_023,middle_30,learned_prototype_event_time__same_dataset_only,learned_prototype_event_time,same_dataset_only,4,8,13,2,0.35113795127362546,0.14593591745383194,0.6650826714805227,-0.8184430959623221,0.4308718051887225
domain_c/series_023_event_7,domain_c/series_023,middle_30,learned_prototype_event_time__cross_dataset_all,learned_prototype_event_time,cross_dataset_all,4,8,13,2,0.34697856586250203,0.1563020552032795,0.6572044710441608,0.43385845616714797,0.28958640665408164
domain_c/series_023_event_7,domain_c/series_023,middle_30,learned_prototype_event_time__cross_dataset_compatible,learned_prototype_event_time,cross_dataset_compatible,4,8,13,2,0.34697856586250203,0.1563020552032795,0.6572044710441608,0.43385845616714797,0.28958640665408164
domain_c/series_023_event_7,domain_c/series_023,middle_30,learned_prototype_event_time__compatibility_top50,learned_prototype_event_time,compatibility_top50,4,8,13,2,0.17920727221739013,0.04407802286826921,0.33943255328217625,0.9654111699578922,0.20265397766915505
domain_c/series_023_event_7,domain_c/series_023,middle_30,learned_prototype_event_time__strict_filter,learned_prototype_event_time,cross_dataset_compatible,4,8,13,2,0.34697856586250203,0.1563020552032795,0.6572044710441608,0.43385845616714797,0.28958640665408164
domain_c/series_023_event_7,domain_c/series_023,middle_30,dtw_aligned_donor__cross_dataset_compatible,dtw_aligned_donor,cross_dataset_compatible,4,8,13,2,0.08167397958944161,0.007886798111612543,0.15469688861248299,0.9872367495556738,0.07395303269611808
