split_seed,dataset,detector_backbone,augmentation_policy,selected_policy_name,selection_reason,fallback_used,donor_policy,synthesis_method,filter_policy,compatibility_enabled,labeled_fraction,auroc,auprc,best_point_f1,event_precision,event_recall,event_f1,false_positive_events,threshold,threshold_mode,threshold_calibration_method,calibration_f1,synthetic_score_mean,normal_score_mean,synthetic_normal_score_gap,num_synthetic_windows,num_synthetic_points,num_rejected_synthetic_windows,metrics_valid,metrics_invalid_reason
0,TSB-UAD-Public-v2,internal_classifier,real_only,real_only,fixed_policy,False,,none,no_filter,False,0.1,0.6008179518457979,0.09233647236936672,0.1716833890746934,0.16666666666666666,0.029801324503311258,0.05056179775280898,45,0.5641270248624448,oracle_val,validation_best_f1,0.15875527426160338,,,,0,0,0,True,
0,TSB-UAD-Public-v2,internal_classifier,random_event_oversampling,random_event_oversampling,fixed_policy,False,,random_event_oversampling,no_filter,False,0.1,0.5628733902035509,0.07363204155644021,0.11774530271398748,0.07317073170731707,0.009933774834437087,0.01749271137026239,38,0.6259358354496298,oracle_val,validation_best_f1,0.1514476614699332,,,,154,3366,0,True,
0,TSB-UAD-Public-v2,internal_classifier,groupwise_cross_dataset_all,groupwise_cross_dataset_all,fixed_policy,False,cross_dataset_all,learned_prototype_event_time,no_filter,False,0.1,0.549877363859081,0.08335369271949628,0.12670034978624173,0.09615384615384616,0.016556291390728478,0.02824858757062147,47,0.61950802319389,oracle_val,validation_best_f1,0.14897579143389197,,,,77,1683,0,True,
0,TSB-UAD-Public-v2,internal_classifier,groupwise_cross_dataset_compatible,groupwise_cross_dataset_compatible,fixed_policy,False,cross_dataset_compatible,learned_prototype_event_time,no_filter,True,0.1,0.5592512830295394,0.09131563171948623,0.12903225806451613,0.06666666666666667,0.006622516556291391,0.012048192771084336,28,0.657948692587569,oracle_val,validation_best_f1,0.14101694915254237,,,,77,1683,0,True,
0,TSB-UAD-Public-v2,internal_classifier,groupwise_compatibility_strict,groupwise_compatibility_strict,fixed_policy,False,compatibility_strict,learned_prototype_event_time,strict,True,0.1,0.6222586687436613,0.10216541402779972,0.1365969206474536,0.07142857142857142,0.013245033112582781,0.0223463687150838,52,0.6689445755727462,oracle_val,validation_best_f1,0.14773673979450155,,,,2,47,75,True,
0,TSB-UAD-Public-v2,internal_classifier,adaptive_groupwise_transfer,groupwise_cross_dataset_all,detector_family:broad,False,cross_dataset_all,learned_prototype_event_time,no_filter,False,0.1,0.549877363859081,0.08335369271949628,0.12670034978624173,0.09615384615384616,0.016556291390728478,0.02824858757062147,47,0.61950802319389,oracle_val,validation_best_f1,0.14897579143389197,,,,77,1683,0,True,
0,TSB-UAD-Public-v2,iforest,real_only,real_only,fixed_policy,False,,none,no_filter,False,0.1,0.43846696392817686,0.03306312705453547,0.0,0.0,0.0,0.0,0,0.5147561525315539,synthetic_separation,synthetic_positive_separation,,,0.367090349887458,,0,0,0,True,
0,TSB-UAD-Public-v2,iforest,random_event_oversampling,random_event_oversampling,fixed_policy,False,,random_event_oversampling,no_filter,False,0.1,0.43846696392817686,0.03306312705453547,0.05554658485386727,0.0,0.0,0.0,14,0.2992826162940188,synthetic_separation,synthetic_positive_separation,0.1670149430272444,0.3197037230728841,0.367090349887458,-0.047386626814573896,154,3366,0,True,
0,TSB-UAD-Public-v2,iforest,groupwise_cross_dataset_all,groupwise_cross_dataset_all,fixed_policy,False,cross_dataset_all,learned_prototype_event_time,no_filter,False,0.1,0.43846696392817686,0.03306312705453547,0.07651461838653957,0.0,0.0,0.0,1,0.2968310858917414,synthetic_separation,synthetic_positive_separation,0.09074243813015583,0.3009350768518727,0.367090349887458,-0.06615527303558527,77,1683,0,True,
0,TSB-UAD-Public-v2,iforest,groupwise_cross_dataset_compatible,groupwise_cross_dataset_compatible,fixed_policy,False,cross_dataset_compatible,learned_prototype_event_time,no_filter,True,0.1,0.43846696392817686,0.03306312705453547,0.07651461838653957,0.0,0.0,0.0,1,0.2968310858917414,synthetic_separation,synthetic_positive_separation,0.09074243813015583,0.2978061995681934,0.367090349887458,-0.0692841503192646,77,1683,0,True,
0,TSB-UAD-Public-v2,iforest,groupwise_compatibility_strict,groupwise_compatibility_strict,fixed_policy,False,compatibility_strict,learned_prototype_event_time,strict,True,0.1,0.43846696392817686,0.03306312705453547,0.07651461838653957,0.0,0.0,0.0,1,0.2968310858917414,synthetic_separation,synthetic_positive_separation,0.002779256105493466,0.2974517654561562,0.367090349887458,-0.06963858443130178,2,47,75,True,
0,TSB-UAD-Public-v2,iforest,adaptive_groupwise_transfer,groupwise_cross_dataset_compatible,detector_family:density,False,cross_dataset_compatible,learned_prototype_event_time,no_filter,True,0.1,0.43846696392817686,0.03306312705453547,0.07651461838653957,0.0,0.0,0.0,1,0.2968310858917414,synthetic_separation,synthetic_positive_separation,0.09074243813015583,0.2978061995681934,0.367090349887458,-0.0692841503192646,77,1683,0,True,
0,TSB-UAD-Public-v2,ocsvm,real_only,real_only,fixed_policy,False,,none,no_filter,False,0.1,0.5126218043003935,0.0643831538763889,0.0,0.0,0.0,0.0,0,16.66285005476493,fp_aware_synthetic_separation,fp_aware_synthetic_separation,,,2.5717789443753754,,0,0,0,True,
0,TSB-UAD-Public-v2,ocsvm,random_event_oversampling,random_event_oversampling,fixed_policy,False,,random_event_oversampling,no_filter,False,0.1,0.5126218043003935,0.0643831538763889,0.0,0.0,0.0,0.0,0,16.66285005476493,fp_aware_synthetic_separation,fp_aware_synthetic_separation,,0.00011193315895102979,2.5717789443753754,-2.5716670112164244,154,3366,0,True,
0,TSB-UAD-Public-v2,ocsvm,groupwise_cross_dataset_all,groupwise_cross_dataset_all,fixed_policy,False,cross_dataset_all,learned_prototype_event_time,no_filter,False,0.1,0.5126218043003935,0.0643831538763889,0.0,0.0,0.0,0.0,0,16.66285005476493,fp_aware_synthetic_separation,fp_aware_synthetic_separation,,0.0,2.5717789443753754,-2.5717789443753754,77,1683,0,True,
0,TSB-UAD-Public-v2,ocsvm,groupwise_cross_dataset_compatible,groupwise_cross_dataset_compatible,fixed_policy,False,cross_dataset_compatible,learned_prototype_event_time,no_filter,True,0.1,0.5126218043003935,0.0643831538763889,0.0,0.0,0.0,0.0,0,16.66285005476493,fp_aware_synthetic_separation,fp_aware_synthetic_separation,,0.0,2.5717789443753754,-2.5717789443753754,77,1683,0,True,
0,TSB-UAD-Public-v2,ocsvm,groupwise_compatibility_strict,groupwise_compatibility_strict,fixed_policy,False,compatibility_strict,learned_prototype_event_time,strict,True,0.1,0.5126218043003935,0.0643831538763889,0.0,0.0,0.0,0.0,0,16.66285005476493,fp_aware_synthetic_separation,fp_aware_synthetic_separation,,0.0,2.5717789443753754,-2.5717789443753754,2,47,75,True,
0,TSB-UAD-Public-v2,ocsvm,adaptive_groupwise_transfer,groupwise_cross_dataset_compatible,detector_family:density,False,cross_dataset_compatible,learned_prototype_event_time,no_filter,True,0.1,0.5126218043003935,0.0643831538763889,0.0,0.0,0.0,0.0,0,16.66285005476493,fp_aware_synthetic_separation,fp_aware_synthetic_separation,,0.0,2.5717789443753754,-2.5717789443753754,77,1683,0,True,
0,TSB-UAD-Public-v2,lof,real_only,real_only,fixed_policy,False,,none,no_filter,False,0.1,0.4951328930403041,0.03926728106559779,0.0,0.0,0.0,0.0,0,7325071864568.99,synthetic_separation,synthetic_positive_separation,,,1080202494243.464,,0,0,0,True,
0,TSB-UAD-Public-v2,lof,random_event_oversampling,random_event_oversampling,fixed_policy,False,,random_event_oversampling,no_filter,False,0.1,0.4951328930403041,0.03926728106559779,0.07831245880026368,0.12121212121212122,0.013245033112582781,0.02388059701492537,29,1.0028854193723142,synthetic_separation,synthetic_positive_separation,0.168059351815697,14127.504028782807,1080202494243.464,-1080202480115.96,154,3366,0,True,
0,TSB-UAD-Public-v2,lof,groupwise_cross_dataset_all,groupwise_cross_dataset_all,fixed_policy,False,cross_dataset_all,learned_prototype_event_time,no_filter,False,0.1,0.4951328930403041,0.03926728106559779,0.08558209328498187,0.04504504504504504,0.033112582781456956,0.03816793893129771,212,1.1985344042150559,synthetic_separation,synthetic_positive_separation,0.10316529894490035,273026.2969095456,1080202494243.464,-1080202221217.1671,77,1683,0,True,
0,TSB-UAD-Public-v2,lof,groupwise_cross_dataset_compatible,groupwise_cross_dataset_compatible,fixed_policy,False,cross_dataset_compatible,learned_prototype_event_time,no_filter,True,0.1,0.4951328930403041,0.03926728106559779,0.0664611526203041,0.0898876404494382,0.052980132450331126,0.06666666666666667,162,4.3840074104334885,synthetic_separation,synthetic_positive_separation,0.13305995475113122,7792051.039589142,1080202494243.464,-1080194702192.4244,77,1683,0,True,
0,TSB-UAD-Public-v2,lof,groupwise_compatibility_strict,groupwise_compatibility_strict,fixed_policy,False,compatibility_strict,learned_prototype_event_time,strict,True,0.1,0.4951328930403041,0.03926728106559779,0.08562813068507488,0.04035874439461883,0.029801324503311258,0.034285714285714294,214,1.1882321431394502,synthetic_separation,synthetic_positive_separation,0.0036128833884233992,2.420751033551997,1080202494243.464,-1080202494241.0432,2,47,75,True,
0,TSB-UAD-Public-v2,lof,adaptive_groupwise_transfer,groupwise_cross_dataset_compatible,detector_family:density,False,cross_dataset_compatible,learned_prototype_event_time,no_filter,True,0.1,0.4951328930403041,0.03926728106559779,0.0664611526203041,0.0898876404494382,0.052980132450331126,0.06666666666666667,162,4.3840074104334885,synthetic_separation,synthetic_positive_separation,0.13305995475113122,7792051.039589142,1080202494243.464,-1080194702192.4244,77,1683,0,True,
0,TSB-UAD-Public-v2,autoencoder,real_only,real_only,fixed_policy,False,,none,no_filter,False,0.1,0.425239779238213,0.03127219791180787,0.0,0.0,0.0,0.0,0,1572.9143797752815,synthetic_separation,synthetic_positive_separation,,,266.160333653324,,0,0,0,True,
0,TSB-UAD-Public-v2,autoencoder,random_event_oversampling,random_event_oversampling,fixed_policy,False,,random_event_oversampling,no_filter,False,0.1,0.4026099583764378,0.030471924183085607,0.07647359890812931,0.0,0.0,0.0,1,0.3660105848573085,synthetic_separation,synthetic_positive_separation,0.16638655462184873,1.5503012062542125,313.02434962725897,-311.47404842100474,154,3366,0,True,
0,TSB-UAD-Public-v2,autoencoder,groupwise_cross_dataset_all,groupwise_cross_dataset_all,fixed_policy,False,cross_dataset_all,learned_prototype_event_time,no_filter,False,0.1,0.38150704274482533,0.029258583015482287,0.07051936559798516,0.0189873417721519,0.009933774834437087,0.013043478260869566,155,0.3535945796051201,synthetic_separation,synthetic_positive_separation,0.09283306625407527,0.7645918645009012,304.5433218434788,-303.7787299789779,77,1683,0,True,
0,TSB-UAD-Public-v2,autoencoder,groupwise_cross_dataset_compatible,groupwise_cross_dataset_compatible,fixed_policy,False,cross_dataset_compatible,learned_prototype_event_time,no_filter,True,0.1,0.38806193321411464,0.029552847659944655,0.07601964552637198,0.3333333333333333,0.006622516556291391,0.012987012987012988,4,0.3160980064054601,synthetic_separation,synthetic_positive_separation,0.09286266710860679,0.4001479337163104,303.9571848836565,-303.5570369499402,77,1683,0,True,
0,TSB-UAD-Public-v2,autoencoder,groupwise_compatibility_strict,groupwise_compatibility_strict,fixed_policy,False,compatibility_strict,learned_prototype_event_time,strict,True,0.1,0.397499754470282,0.029990094944532454,0.06404963846981411,0.007874015748031496,0.0033112582781456954,0.004662004662004663,126,0.7961091130027145,synthetic_separation,synthetic_positive_separation,0.002989346477977421,0.9047668749629364,277.0733530280488,-276.16858615308587,2,47,75,True,
0,TSB-UAD-Public-v2,autoencoder,adaptive_groupwise_transfer,groupwise_cross_dataset_all,detector_family:broad,False,cross_dataset_all,learned_prototype_event_time,no_filter,False,0.1,0.38150704274482533,0.029258583015482287,0.07051936559798516,0.0189873417721519,0.009933774834437087,0.013043478260869566,155,0.3535945796051201,synthetic_separation,synthetic_positive_separation,0.09283306625407527,0.7645918645009012,304.5433218434788,-303.7787299789779,77,1683,0,True,
0,TSB-UAD-Public-v2,cnn,real_only,real_only,fixed_policy,False,,none,no_filter,False,0.1,0.32127482504961763,0.026373887861465634,0.0,0.0,0.0,0.0,0,312940.66196283785,synthetic_separation,synthetic_positive_separation,,,52551.31192566876,,0,0,0,True,
0,TSB-UAD-Public-v2,cnn,random_event_oversampling,random_event_oversampling,fixed_policy,False,,random_event_oversampling,no_filter,False,0.1,0.32127482504961763,0.026373887861465634,0.07651461838653957,0.0,0.0,0.0,1,0.0,synthetic_separation,synthetic_positive_separation,0.16638655462184873,188.87541233546014,52551.31192566876,-52362.4365133333,154,3366,0,True,
0,TSB-UAD-Public-v2,cnn,groupwise_cross_dataset_all,groupwise_cross_dataset_all,fixed_policy,False,cross_dataset_all,learned_prototype_event_time,no_filter,False,0.1,0.32127482504961763,0.026373887861465634,0.05217845030002609,0.04609929078014184,0.04304635761589404,0.04452054794520547,269,9.232898721620389,synthetic_separation,synthetic_positive_separation,0.09873417721518987,30.079959524363304,52551.31192566876,-52521.23196614439,77,1683,0,True,
0,TSB-UAD-Public-v2,cnn,groupwise_cross_dataset_compatible,groupwise_cross_dataset_compatible,fixed_policy,False,cross_dataset_compatible,learned_prototype_event_time,no_filter,True,0.1,0.32127482504961763,0.026373887861465634,0.07651461838653957,0.0,0.0,0.0,1,0.0,synthetic_separation,synthetic_positive_separation,0.09074243813015583,9.679994639501825,52551.31192566876,-52541.63193102925,77,1683,0,True,
0,TSB-UAD-Public-v2,cnn,groupwise_compatibility_strict,groupwise_compatibility_strict,fixed_policy,False,compatibility_strict,learned_prototype_event_time,strict,True,0.1,0.32127482504961763,0.026373887861465634,0.056168226895191534,0.03187250996015936,0.026490066225165563,0.028933092224231464,243,7.876468611366164,synthetic_separation,synthetic_positive_separation,0.0036611489776046738,9.260471518128007,52551.31192566876,-52542.05145415063,2,47,75,True,
0,TSB-UAD-Public-v2,cnn,adaptive_groupwise_transfer,groupwise_cross_dataset_all,detector_family:broad,False,cross_dataset_all,learned_prototype_event_time,no_filter,False,0.1,0.32127482504961763,0.026373887861465634,0.05217845030002609,0.04609929078014184,0.04304635761589404,0.04452054794520547,269,9.232898721620389,synthetic_separation,synthetic_positive_separation,0.09873417721518987,30.079959524363304,52551.31192566876,-52521.23196614439,77,1683,0,True,
0,TSB-UAD-Public-v2,timesnet,real_only,real_only,fixed_policy,False,,none,no_filter,False,0.1,0.4553008160596902,0.03410282546199671,0.0,0.0,0.0,0.0,0,736807.18151562,fp_aware_synthetic_separation,fp_aware_synthetic_separation,,,48049.77476680329,,0,0,0,True,
0,TSB-UAD-Public-v2,timesnet,random_event_oversampling,random_event_oversampling,fixed_policy,False,,random_event_oversampling,no_filter,False,0.1,0.4553008160596902,0.03410282546199671,0.0,0.0,0.0,0.0,0,736807.18151562,fp_aware_synthetic_separation,fp_aware_synthetic_separation,,2593.649846312386,48049.77476680329,-45456.1249204909,154,3366,0,True,
0,TSB-UAD-Public-v2,timesnet,groupwise_cross_dataset_all,groupwise_cross_dataset_all,fixed_policy,False,cross_dataset_all,learned_prototype_event_time,no_filter,False,0.1,0.4553008160596902,0.03410282546199671,0.0,0.0,0.0,0.0,0,736807.18151562,fp_aware_synthetic_separation,fp_aware_synthetic_separation,,692.4330525734092,48049.77476680329,-47357.34171422988,77,1683,0,True,
0,TSB-UAD-Public-v2,timesnet,groupwise_cross_dataset_compatible,groupwise_cross_dataset_compatible,fixed_policy,False,cross_dataset_compatible,learned_prototype_event_time,no_filter,True,0.1,0.4553008160596902,0.03410282546199671,0.0,0.0,0.0,0.0,0,736807.18151562,fp_aware_synthetic_separation,fp_aware_synthetic_separation,,254.55232117273985,48049.77476680329,-47795.22244563055,77,1683,0,True,
0,TSB-UAD-Public-v2,timesnet,groupwise_compatibility_strict,groupwise_compatibility_strict,fixed_policy,False,compatibility_strict,learned_prototype_event_time,strict,True,0.1,0.4553008160596902,0.03410282546199671,0.0,0.0,0.0,0.0,0,736807.18151562,fp_aware_synthetic_separation,fp_aware_synthetic_separation,,1630.4855600849637,48049.77476680329,-46419.28920671833,2,47,75,True,
0,TSB-UAD-Public-v2,timesnet,adaptive_groupwise_transfer,groupwise_cross_dataset_all,detector_family:broad,False,cross_dataset_all,learned_prototype_event_time,no_filter,False,0.1,0.4553008160596902,0.03410282546199671,0.0,0.0,0.0,0.0,0,736807.18151562,fp_aware_synthetic_separation,fp_aware_synthetic_separation,,692.4330525734092,48049.77476680329,-47357.34171422988,77,1683,0,True,
1,TSB-UAD-Public-v2,internal_classifier,real_only,real_only,fixed_policy,False,,none,no_filter,False,0.1,0.644024036711094,0.09106244090083931,0.0668076109936575,0.1875,0.010714285714285714,0.020270270270270268,13,0.6677700424729203,oracle_val,validation_best_f1,0.08617234468937877,,,,0,0,0,True,
1,TSB-UAD-Public-v2,internal_classifier,random_event_oversampling,random_event_oversampling,fixed_policy,False,,random_event_oversampling,no_filter,False,0.1,0.6432826911459754,0.08841001456908604,0.09287198482247719,0.12994350282485875,0.16428571428571428,0.1451104100946372,308,0.11342957264398748,oracle_val,validation_best_f1,0.06323372465314833,,,,154,5604,0,True,
1,TSB-UAD-Public-v2,internal_classifier,groupwise_cross_dataset_all,groupwise_cross_dataset_all,fixed_policy,False,cross_dataset_all,learned_prototype_event_time,no_filter,False,0.1,0.5637480759638318,0.08000657570153558,0.037188208616780044,0.16666666666666666,0.0035714285714285713,0.006993006993006993,5,0.6681969225298923,oracle_val,validation_best_f1,0.09246575342465754,,,,77,2802,0,True,
1,TSB-UAD-Public-v2,internal_classifier,groupwise_cross_dataset_compatible,groupwise_cross_dataset_compatible,fixed_policy,False,cross_dataset_compatible,learned_prototype_event_time,no_filter,True,0.1,0.5762703537079004,0.09687468788855233,0.053297199638663056,0.2,0.0035714285714285713,0.007017543859649123,4,0.695,oracle_val,validation_best_f1,0.08919382504288165,,,,77,2802,0,True,
1,TSB-UAD-Public-v2,internal_classifier,groupwise_compatibility_strict,groupwise_compatibility_strict,fixed_policy,False,compatibility_strict,learned_prototype_event_time,strict,True,0.1,0.6062100817331272,0.09991335266248971,0.07219596046411689,0.2,0.010714285714285714,0.02033898305084746,12,0.6508341832934365,oracle_val,validation_best_f1,0.11320754716981132,,,,2,95,75,True,
1,TSB-UAD-Public-v2,internal_classifier,adaptive_groupwise_transfer,groupwise_cross_dataset_all,detector_family:broad,False,cross_dataset_all,learned_prototype_event_time,no_filter,False,0.1,0.5637480759638318,0.08000657570153558,0.037188208616780044,0.16666666666666666,0.0035714285714285713,0.006993006993006993,5,0.6681969225298923,oracle_val,validation_best_f1,0.09246575342465754,,,,77,2802,0,True,
1,TSB-UAD-Public-v2,iforest,real_only,real_only,fixed_policy,False,,none,no_filter,False,0.1,0.5722780499706058,0.06975812381249402,0.08812087957086115,0.014492753623188406,0.0035714285714285713,0.0057306590257879654,68,0.39901453522353286,synthetic_separation,synthetic_positive_separation,,,0.3248773972814482,,0,0,0,True,
1,TSB-UAD-Public-v2,iforest,random_event_oversampling,random_event_oversampling,fixed_policy,False,,random_event_oversampling,no_filter,False,0.1,0.5722780499706058,0.06975812381249402,0.12153191489361702,0.018404907975460124,0.010714285714285714,0.013544018058690745,160,0.41808434932541283,synthetic_separation,synthetic_positive_separation,0.3706896551724138,0.40601557528861315,0.3248773972814482,0.08113817800716494,154,5604,0,True,
1,TSB-UAD-Public-v2,iforest,groupwise_cross_dataset_all,groupwise_cross_dataset_all,fixed_policy,False,cross_dataset_all,learned_prototype_event_time,no_filter,False,0.1,0.5722780499706058,0.06975812381249402,0.08504168943155094,0.10483870967741936,0.04642857142857143,0.06435643564356436,111,0.29670066657660155,synthetic_separation,synthetic_positive_separation,0.15019331362292473,0.2996417620725204,0.3248773972814482,-0.025235635208927798,77,2802,0,True,
1,TSB-UAD-Public-v2,iforest,groupwise_cross_dataset_compatible,groupwise_cross_dataset_compatible,fixed_policy,False,cross_dataset_compatible,learned_prototype_event_time,no_filter,True,0.1,0.5722780499706058,0.06975812381249402,0.08504168943155094,0.10483870967741936,0.04642857142857143,0.06435643564356436,111,0.29670066657660155,synthetic_separation,synthetic_positive_separation,0.16513264753654575,0.2968087452858954,0.3248773972814482,-0.028068651995552807,77,2802,0,True,
1,TSB-UAD-Public-v2,iforest,groupwise_compatibility_strict,groupwise_compatibility_strict,fixed_policy,False,compatibility_strict,learned_prototype_event_time,strict,True,0.1,0.5722780499706058,0.06975812381249402,0.08504168943155094,0.10483870967741936,0.04642857142857143,0.06435643564356436,111,0.29670066657660155,synthetic_separation,synthetic_positive_separation,0.009598012646793134,0.29686639356546757,0.3248773972814482,-0.028011003715980642,2,95,75,True,
1,TSB-UAD-Public-v2,iforest,adaptive_groupwise_transfer,groupwise_cross_dataset_compatible,detector_family:density,False,cross_dataset_compatible,learned_prototype_event_time,no_filter,True,0.1,0.5722780499706058,0.06975812381249402,0.08504168943155094,0.10483870967741936,0.04642857142857143,0.06435643564356436,111,0.29670066657660155,synthetic_separation,synthetic_positive_separation,0.16513264753654575,0.2968087452858954,0.3248773972814482,-0.028068651995552807,77,2802,0,True,
1,TSB-UAD-Public-v2,ocsvm,real_only,real_only,fixed_policy,False,,none,no_filter,False,0.1,0.41481156504589795,0.058404627248267296,0.023223409196470042,0.024390243902439025,0.007142857142857143,0.011049723756906077,80,0.01652056105012889,fp_aware_synthetic_separation,fp_aware_synthetic_separation,,,0.0011838724061433092,,0,0,0,True,
1,TSB-UAD-Public-v2,ocsvm,random_event_oversampling,random_event_oversampling,fixed_policy,False,,random_event_oversampling,no_filter,False,0.1,0.41481156504589795,0.058404627248267296,0.03411804844762879,0.05128205128205128,0.007142857142857143,0.012539184952978056,37,0.021823662806127686,fp_aware_synthetic_separation,fp_aware_synthetic_separation,0.365097588978186,1428.9641961880634,0.0011838724061433092,1428.9630123156574,154,5604,0,True,
1,TSB-UAD-Public-v2,ocsvm,groupwise_cross_dataset_all,groupwise_cross_dataset_all,fixed_policy,False,cross_dataset_all,learned_prototype_event_time,no_filter,False,0.1,0.41481156504589795,0.058404627248267296,0.023223409196470042,0.024390243902439025,0.007142857142857143,0.011049723756906077,80,0.01652056105012889,fp_aware_synthetic_separation,fp_aware_synthetic_separation,,2.4444459562071386e-06,0.0011838724061433092,-0.001181427960187102,77,2802,0,True,
1,TSB-UAD-Public-v2,ocsvm,groupwise_cross_dataset_compatible,groupwise_cross_dataset_compatible,fixed_policy,False,cross_dataset_compatible,learned_prototype_event_time,no_filter,True,0.1,0.41481156504589795,0.058404627248267296,0.023223409196470042,0.024390243902439025,0.007142857142857143,0.011049723756906077,80,0.01652056105012889,fp_aware_synthetic_separation,fp_aware_synthetic_separation,,9.15275881669187e-06,0.0011838724061433092,-0.0011747196473266173,77,2802,0,True,
1,TSB-UAD-Public-v2,ocsvm,groupwise_compatibility_strict,groupwise_compatibility_strict,fixed_policy,False,compatibility_strict,learned_prototype_event_time,strict,True,0.1,0.41481156504589795,0.058404627248267296,0.023223409196470042,0.024390243902439025,0.007142857142857143,0.011049723756906077,80,0.01652056105012889,fp_aware_synthetic_separation,fp_aware_synthetic_separation,,2.5340852918912118e-05,0.0011838724061433092,-0.001158531553224397,2,95,75,True,
1,TSB-UAD-Public-v2,ocsvm,adaptive_groupwise_transfer,groupwise_cross_dataset_compatible,detector_family:density,False,cross_dataset_compatible,learned_prototype_event_time,no_filter,True,0.1,0.41481156504589795,0.058404627248267296,0.023223409196470042,0.024390243902439025,0.007142857142857143,0.011049723756906077,80,0.01652056105012889,fp_aware_synthetic_separation,fp_aware_synthetic_separation,,9.15275881669187e-06,0.0011838724061433092,-0.0011747196473266173,77,2802,0,True,
1,TSB-UAD-Public-v2,lof,real_only,real_only,fixed_policy,False,,none,no_filter,False,0.1,0.5847544374700935,0.08665840606347558,0.12525458248472504,0.2318840579710145,0.05714285714285714,0.09169054441260745,53,16.440103485515763,synthetic_separation,synthetic_positive_separation,,,2831.9659901588725,,0,0,0,True,
1,TSB-UAD-Public-v2,lof,random_event_oversampling,random_event_oversampling,fixed_policy,False,,random_event_oversampling,no_filter,False,0.1,0.5847544374700935,0.08665840606347558,0.08592098845716144,0.08108108108108109,0.010714285714285714,0.01892744479495268,34,1.002518929647633,synthetic_separation,synthetic_positive_separation,0.2635198415883974,97136428.7277689,2831.9659901588725,97133596.76177874,154,5604,0,True,
1,TSB-UAD-Public-v2,lof,groupwise_cross_dataset_all,groupwise_cross_dataset_all,fixed_policy,False,cross_dataset_all,learned_prototype_event_time,no_filter,False,0.1,0.5847544374700935,0.08665840606347558,0.08764510779436152,0.05172413793103448,0.010714285714285714,0.017751479289940832,55,1.0129648353352305,synthetic_separation,synthetic_positive_separation,0.1462528577244684,1.690014776580791,2831.9659901588725,-2830.2759753822916,77,2802,0,True,
1,TSB-UAD-Public-v2,lof,groupwise_cross_dataset_compatible,groupwise_cross_dataset_compatible,fixed_policy,False,cross_dataset_compatible,learned_prototype_event_time,no_filter,True,0.1,0.5847544374700935,0.08665840606347558,0.06649616368286446,0.5454545454545454,0.02142857142857143,0.041237113402061855,5,125620947.56711149,synthetic_separation,synthetic_positive_separation,0.25257249766136575,143721085.2996473,2831.9659901588725,143718253.33365715,77,2802,0,True,
1,TSB-UAD-Public-v2,lof,groupwise_compatibility_strict,groupwise_compatibility_strict,fixed_policy,False,compatibility_strict,learned_prototype_event_time,strict,True,0.1,0.5847544374700935,0.08665840606347558,0.14814814814814814,0.4,0.05,0.0888888888888889,21,27.527102553599832,synthetic_separation,synthetic_positive_separation,0.2825278810408922,2028753037.1754024,2831.9659901588725,2028750205.2094123,2,95,75,True,
1,TSB-UAD-Public-v2,lof,adaptive_groupwise_transfer,groupwise_cross_dataset_compatible,detector_family:density,False,cross_dataset_compatible,learned_prototype_event_time,no_filter,True,0.1,0.5847544374700935,0.08665840606347558,0.06649616368286446,0.5454545454545454,0.02142857142857143,0.041237113402061855,5,125620947.56711149,synthetic_separation,synthetic_positive_separation,0.25257249766136575,143721085.2996473,2831.9659901588725,143718253.33365715,77,2802,0,True,
1,TSB-UAD-Public-v2,autoencoder,real_only,real_only,fixed_policy,False,,none,no_filter,False,0.1,0.5943197526406145,0.06609344165741507,0.16285438144329897,0.5,0.0035714285714285713,0.0070921985815602835,1,169355.04903505533,synthetic_separation,synthetic_positive_separation,,,33010.07470953318,,0,0,0,True,
1,TSB-UAD-Public-v2,autoencoder,random_event_oversampling,random_event_oversampling,fixed_policy,False,,random_event_oversampling,no_filter,False,0.1,0.5909570614851967,0.06767325183255418,0.07935351853778656,0.19047619047619047,0.014285714285714285,0.026578073089700997,17,0.20809608827766596,synthetic_separation,synthetic_positive_separation,0.35426221730191365,1881365668730.296,18192.084087000283,1881365650538.212,154,5604,0,True,
1,TSB-UAD-Public-v2,autoencoder,groupwise_cross_dataset_all,groupwise_cross_dataset_all,fixed_policy,False,cross_dataset_all,learned_prototype_event_time,no_filter,False,0.1,0.5748574889298821,0.06412473821886644,0.08125819134993446,0.06153846153846154,0.02857142857142857,0.03902439024390244,122,0.3829875438277489,synthetic_separation,synthetic_positive_separation,0.24211884717015916,3.061178027391346,14147.578004256737,-14144.516826229345,77,2802,0,True,
1,TSB-UAD-Public-v2,autoencoder,groupwise_cross_dataset_compatible,groupwise_cross_dataset_compatible,fixed_policy,False,cross_dataset_compatible,learned_prototype_event_time,no_filter,True,0.1,0.5740027333293937,0.06418119518485943,0.07665601044996734,0.06329113924050633,0.017857142857142856,0.02785515320334262,74,0.7447148714507723,synthetic_separation,synthetic_positive_separation,0.1916829547752241,0.6149663321485571,11606.181376845798,-11605.56641051365,77,2802,0,True,
1,TSB-UAD-Public-v2,autoencoder,groupwise_compatibility_strict,groupwise_compatibility_strict,fixed_policy,False,compatibility_strict,learned_prototype_event_time,strict,True,0.1,0.5843123055455599,0.06445155980244657,0.08077680295123955,0.0,0.0,0.0,1,0.02097941579826918,synthetic_separation,synthetic_positive_separation,0.0057346372087407945,0.08638267325722951,39881.55925092369,-39881.47286825043,2,95,75,True,
1,TSB-UAD-Public-v2,autoencoder,adaptive_groupwise_transfer,groupwise_cross_dataset_all,detector_family:broad,False,cross_dataset_all,learned_prototype_event_time,no_filter,False,0.1,0.5748574889298821,0.06412473821886644,0.08125819134993446,0.06153846153846154,0.02857142857142857,0.03902439024390244,122,0.3829875438277489,synthetic_separation,synthetic_positive_separation,0.24211884717015916,3.061178027391346,14147.578004256737,-14144.516826229345,77,2802,0,True,
1,TSB-UAD-Public-v2,cnn,real_only,real_only,fixed_policy,False,,none,no_filter,False,0.1,0.557420873041272,0.06364795952257338,0.1580547112462006,0.09375,0.010714285714285714,0.01923076923076923,29,1020310.4231957941,synthetic_separation,synthetic_positive_separation,,,126236.01577104173,,0,0,0,True,
1,TSB-UAD-Public-v2,cnn,random_event_oversampling,random_event_oversampling,fixed_policy,False,,random_event_oversampling,no_filter,False,0.1,0.557420873041272,0.06364795952257338,0.15145665145665146,0.033112582781456956,0.017857142857142856,0.02320185614849188,146,4562506.210194924,synthetic_separation,synthetic_positive_separation,0.3775862068965517,428015445562410.9,126236.01577104173,428015445436174.9,154,5604,0,True,
1,TSB-UAD-Public-v2,cnn,groupwise_cross_dataset_all,groupwise_cross_dataset_all,fixed_policy,False,cross_dataset_all,learned_prototype_event_time,no_filter,False,0.1,0.557420873041272,0.06364795952257338,0.08081039755351682,0.0,0.0,0.0,1,0.0,synthetic_separation,synthetic_positive_separation,0.1453847351216728,25.922226770662665,126236.01577104173,-126210.09354427106,77,2802,0,True,
1,TSB-UAD-Public-v2,cnn,groupwise_cross_dataset_compatible,groupwise_cross_dataset_compatible,fixed_policy,False,cross_dataset_compatible,learned_prototype_event_time,no_filter,True,0.1,0.557420873041272,0.06364795952257338,0.08081039755351682,0.0,0.0,0.0,1,0.0,synthetic_separation,synthetic_positive_separation,0.1453847351216728,0.5907783128525438,126236.01577104173,-126235.42499272888,77,2802,0,True,
1,TSB-UAD-Public-v2,cnn,groupwise_compatibility_strict,groupwise_compatibility_strict,fixed_policy,False,compatibility_strict,learned_prototype_event_time,strict,True,0.1,0.557420873041272,0.06364795952257338,0.07757156338471217,0.0660377358490566,0.025,0.03626943005181347,99,1.3204049274013832,synthetic_separation,synthetic_positive_separation,0.00687799043062201,0.9763060704241359,126236.01577104173,-126235.0394649713,2,95,75,True,
1,TSB-UAD-Public-v2,cnn,adaptive_groupwise_transfer,groupwise_cross_dataset_all,detector_family:broad,False,cross_dataset_all,learned_prototype_event_time,no_filter,False,0.1,0.557420873041272,0.06364795952257338,0.08081039755351682,0.0,0.0,0.0,1,0.0,synthetic_separation,synthetic_positive_separation,0.1453847351216728,25.922226770662665,126236.01577104173,-126210.09354427106,77,2802,0,True,
1,TSB-UAD-Public-v2,timesnet,real_only,real_only,fixed_policy,False,,none,no_filter,False,0.1,0.589821131620087,0.06558033568906203,0.16742406122937095,0.375,0.010714285714285714,0.02083333333333333,5,1133953.0785860794,fp_aware_synthetic_separation,fp_aware_synthetic_separation,,,126141.63507681595,,0,0,0,True,
1,TSB-UAD-Public-v2,timesnet,random_event_oversampling,random_event_oversampling,fixed_policy,False,,random_event_oversampling,no_filter,False,0.1,0.589821131620087,0.06558033568906203,0.16047767053819728,0.15625,0.017857142857142856,0.03205128205128205,27,4325878.823119523,fp_aware_synthetic_separation,fp_aware_synthetic_separation,0.2841929103909935,468012048414313.6,126141.63507681595,468012048288172.0,154,5604,0,True,
1,TSB-UAD-Public-v2,timesnet,groupwise_cross_dataset_all,groupwise_cross_dataset_all,fixed_policy,False,cross_dataset_all,learned_prototype_event_time,no_filter,False,0.1,0.589821131620087,0.06558033568906203,0.16742406122937095,0.375,0.010714285714285714,0.02083333333333333,5,1133953.0785860794,fp_aware_synthetic_separation,fp_aware_synthetic_separation,,1995.0547501546716,126141.63507681595,-124146.58032666128,77,2802,0,True,
1,TSB-UAD-Public-v2,timesnet,groupwise_cross_dataset_compatible,groupwise_cross_dataset_compatible,fixed_policy,False,cross_dataset_compatible,learned_prototype_event_time,no_filter,True,0.1,0.589821131620087,0.06558033568906203,0.16742406122937095,0.375,0.010714285714285714,0.02083333333333333,5,1133953.0785860794,fp_aware_synthetic_separation,fp_aware_synthetic_separation,,1815.358189399874,126141.63507681595,-124326.27688741607,77,2802,0,True,
1,TSB-UAD-Public-v2,timesnet,groupwise_compatibility_strict,groupwise_compatibility_strict,fixed_policy,False,compatibility_strict,learned_prototype_event_time,strict,True,0.1,0.589821131620087,0.06558033568906203,0.16742406122937095,0.375,0.010714285714285714,0.02083333333333333,5,1133953.0785860794,fp_aware_synthetic_separation,fp_aware_synthetic_separation,,1483.0777255326445,126141.63507681595,-124658.5573512833,2,95,75,True,
1,TSB-UAD-Public-v2,timesnet,adaptive_groupwise_transfer,groupwise_cross_dataset_all,detector_family:broad,False,cross_dataset_all,learned_prototype_event_time,no_filter,False,0.1,0.589821131620087,0.06558033568906203,0.16742406122937095,0.375,0.010714285714285714,0.02083333333333333,5,1133953.0785860794,fp_aware_synthetic_separation,fp_aware_synthetic_separation,,1995.0547501546716,126141.63507681595,-124146.58032666128,77,2802,0,True,
2,TSB-UAD-Public-v2,internal_classifier,real_only,real_only,fixed_policy,False,,none,no_filter,False,0.1,0.6881374691120316,0.09933086031701725,0.1500646830530401,0.08196721311475409,0.18691588785046728,0.11396011396011395,224,0.4169065972248611,oracle_val,validation_best_f1,0.18035303146584802,,,,0,0,0,True,
2,TSB-UAD-Public-v2,internal_classifier,random_event_oversampling,random_event_oversampling,fixed_policy,False,,random_event_oversampling,no_filter,False,0.1,0.5929223613804157,0.08189890469899908,0.14238952536824878,0.04030226700251889,0.14953271028037382,0.06349206349206349,381,0.17372017465213335,oracle_val,validation_best_f1,0.19315486275838697,,,,154,1734,0,True,
2,TSB-UAD-Public-v2,internal_classifier,groupwise_cross_dataset_all,groupwise_cross_dataset_all,fixed_policy,False,cross_dataset_all,learned_prototype_event_time,no_filter,False,0.1,0.6151402773372491,0.08135849101814227,0.13075586446568202,0.0705521472392638,0.21495327102803738,0.10623556581986143,303,0.23234883769326686,oracle_val,validation_best_f1,0.1953551912568306,,,,77,867,0,True,
2,TSB-UAD-Public-v2,internal_classifier,groupwise_cross_dataset_compatible,groupwise_cross_dataset_compatible,fixed_policy,False,cross_dataset_compatible,learned_prototype_event_time,no_filter,True,0.1,0.6214614006377632,0.10007769035257816,0.14143948899281397,0.0625,0.19626168224299065,0.0948081264108352,315,0.23119577779737024,oracle_val,validation_best_f1,0.1976112920738328,,,,77,867,0,True,
2,TSB-UAD-Public-v2,internal_classifier,groupwise_compatibility_strict,groupwise_compatibility_strict,fixed_policy,False,compatibility_strict,learned_prototype_event_time,strict,True,0.1,0.6881374691120316,0.09933086031701725,0.1500646830530401,0.08196721311475409,0.18691588785046728,0.11396011396011395,224,0.4169065972248611,oracle_val,validation_best_f1,0.18035303146584802,,,,0,0,77,True,
2,TSB-UAD-Public-v2,internal_classifier,adaptive_groupwise_transfer,groupwise_cross_dataset_all,detector_family:broad,False,cross_dataset_all,learned_prototype_event_time,no_filter,False,0.1,0.6151402773372491,0.08135849101814227,0.13075586446568202,0.0705521472392638,0.21495327102803738,0.10623556581986143,303,0.23234883769326686,oracle_val,validation_best_f1,0.1953551912568306,,,,77,867,0,True,
2,TSB-UAD-Public-v2,iforest,real_only,real_only,fixed_policy,False,,none,no_filter,False,0.1,0.4568734067243475,0.0523979348433235,0.07936,0.0,0.0,0.0,1,0.8509806946577452,synthetic_separation,synthetic_positive_separation,,,0.46743536309461536,,0,0,0,True,
2,TSB-UAD-Public-v2,iforest,random_event_oversampling,random_event_oversampling,fixed_policy,False,,random_event_oversampling,no_filter,False,0.1,0.4568734067243475,0.0523979348433235,0.08883758281469585,0.0,0.0,0.0,50,0.2981964105386568,synthetic_separation,synthetic_positive_separation,0.1177807771542232,0.3824978918682136,0.46743536309461536,-0.08493747122640177,154,1734,0,True,
2,TSB-UAD-Public-v2,iforest,groupwise_cross_dataset_all,groupwise_cross_dataset_all,fixed_policy,False,cross_dataset_all,learned_prototype_event_time,no_filter,False,0.1,0.4568734067243475,0.0523979348433235,0.0874756585015886,0.03614457831325301,0.028037383177570093,0.031578947368421054,80,0.298223101357279,synthetic_separation,synthetic_positive_separation,0.054748432482030894,0.3480178882033751,0.46743536309461536,-0.11941747489124027,77,867,0,True,
2,TSB-UAD-Public-v2,iforest,groupwise_cross_dataset_compatible,groupwise_cross_dataset_compatible,fixed_policy,False,cross_dataset_compatible,learned_prototype_event_time,no_filter,True,0.1,0.4568734067243475,0.0523979348433235,0.0874756585015886,0.03614457831325301,0.028037383177570093,0.031578947368421054,80,0.298223101357279,synthetic_separation,synthetic_positive_separation,0.06591401528110388,0.34537051540571384,0.46743536309461536,-0.12206484768890152,77,867,0,True,
2,TSB-UAD-Public-v2,iforest,groupwise_compatibility_strict,groupwise_compatibility_strict,fixed_policy,False,compatibility_strict,learned_prototype_event_time,strict,True,0.1,0.4568734067243475,0.0523979348433235,0.07936,0.0,0.0,0.0,1,0.8509806946577452,synthetic_separation,synthetic_positive_separation,,,0.46743536309461536,,0,0,77,True,
2,TSB-UAD-Public-v2,iforest,adaptive_groupwise_transfer,groupwise_cross_dataset_compatible,detector_family:density,False,cross_dataset_compatible,learned_prototype_event_time,no_filter,True,0.1,0.4568734067243475,0.0523979348433235,0.0874756585015886,0.03614457831325301,0.028037383177570093,0.031578947368421054,80,0.298223101357279,synthetic_separation,synthetic_positive_separation,0.06591401528110388,0.34537051540571384,0.46743536309461536,-0.12206484768890152,77,867,0,True,
2,TSB-UAD-Public-v2,ocsvm,real_only,real_only,fixed_policy,False,,none,no_filter,False,0.1,0.400470902828343,0.04905600149473513,0.07936,0.0,0.0,0.0,1,17204.90668859753,fp_aware_synthetic_separation,fp_aware_synthetic_separation,,,1683.826136769189,,0,0,0,True,
2,TSB-UAD-Public-v2,ocsvm,random_event_oversampling,random_event_oversampling,fixed_policy,False,,random_event_oversampling,no_filter,False,0.1,0.400470902828343,0.04905600149473513,0.07936,0.0,0.0,0.0,1,17204.90668859753,fp_aware_synthetic_separation,fp_aware_synthetic_separation,,0.021313135257027917,1683.826136769189,-1683.8048236339318,154,1734,0,True,
2,TSB-UAD-Public-v2,ocsvm,groupwise_cross_dataset_all,groupwise_cross_dataset_all,fixed_policy,False,cross_dataset_all,learned_prototype_event_time,no_filter,False,0.1,0.400470902828343,0.04905600149473513,0.07936,0.0,0.0,0.0,1,17204.90668859753,fp_aware_synthetic_separation,fp_aware_synthetic_separation,,0.0,1683.826136769189,-1683.826136769189,77,867,0,True,
2,TSB-UAD-Public-v2,ocsvm,groupwise_cross_dataset_compatible,groupwise_cross_dataset_compatible,fixed_policy,False,cross_dataset_compatible,learned_prototype_event_time,no_filter,True,0.1,0.400470902828343,0.04905600149473513,0.07936,0.0,0.0,0.0,1,17204.90668859753,fp_aware_synthetic_separation,fp_aware_synthetic_separation,,0.0,1683.826136769189,-1683.826136769189,77,867,0,True,
2,TSB-UAD-Public-v2,ocsvm,groupwise_compatibility_strict,groupwise_compatibility_strict,fixed_policy,False,compatibility_strict,learned_prototype_event_time,strict,True,0.1,0.400470902828343,0.04905600149473513,0.07936,0.0,0.0,0.0,1,17204.90668859753,fp_aware_synthetic_separation,fp_aware_synthetic_separation,,,1683.826136769189,,0,0,77,True,
2,TSB-UAD-Public-v2,ocsvm,adaptive_groupwise_transfer,groupwise_cross_dataset_compatible,detector_family:density,False,cross_dataset_compatible,learned_prototype_event_time,no_filter,True,0.1,0.400470902828343,0.04905600149473513,0.07936,0.0,0.0,0.0,1,17204.90668859753,fp_aware_synthetic_separation,fp_aware_synthetic_separation,,0.0,1683.826136769189,-1683.826136769189,77,867,0,True,
2,TSB-UAD-Public-v2,lof,real_only,real_only,fixed_policy,False,,none,no_filter,False,0.1,0.5581073809381523,0.05327751000052803,0.0,0.0,0.0,0.0,5,4996586808006.885,synthetic_separation,synthetic_positive_separation,,,513589304616.5222,,0,0,0,True,
2,TSB-UAD-Public-v2,lof,random_event_oversampling,random_event_oversampling,fixed_policy,False,,random_event_oversampling,no_filter,False,0.1,0.5581073809381523,0.05327751000052803,0.08460829907213947,0.0,0.0,0.0,1,0.9482540516365683,synthetic_separation,synthetic_positive_separation,0.09198207039227647,9534055223.42466,513589304616.5222,-504055249393.09753,154,1734,0,True,
2,TSB-UAD-Public-v2,lof,groupwise_cross_dataset_all,groupwise_cross_dataset_all,fixed_policy,False,cross_dataset_all,learned_prototype_event_time,no_filter,False,0.1,0.5581073809381523,0.05327751000052803,0.0454103146286085,0.041666666666666664,0.06542056074766354,0.0509090909090909,161,65.11726755404712,synthetic_separation,synthetic_positive_separation,0.14250056727932833,20356458416.607033,513589304616.5222,-493232846199.91516,77,867,0,True,
2,TSB-UAD-Public-v2,lof,groupwise_cross_dataset_compatible,groupwise_cross_dataset_compatible,fixed_policy,False,cross_dataset_compatible,learned_prototype_event_time,no_filter,True,0.1,0.5581073809381523,0.05327751000052803,0.045127323519931234,0.041916167664670656,0.06542056074766354,0.051094890510948905,160,63.203848204354394,synthetic_separation,synthetic_positive_separation,0.12818181818181817,10529404816.078066,513589304616.5222,-503059899800.44415,77,867,0,True,
2,TSB-UAD-Public-v2,lof,groupwise_compatibility_strict,groupwise_compatibility_strict,fixed_policy,False,compatibility_strict,learned_prototype_event_time,strict,True,0.1,0.5581073809381523,0.05327751000052803,0.0,0.0,0.0,0.0,5,4996586808006.885,synthetic_separation,synthetic_positive_separation,,,513589304616.5222,,0,0,77,True,
2,TSB-UAD-Public-v2,lof,adaptive_groupwise_transfer,groupwise_cross_dataset_compatible,detector_family:density,False,cross_dataset_compatible,learned_prototype_event_time,no_filter,True,0.1,0.5581073809381523,0.05327751000052803,0.045127323519931234,0.041916167664670656,0.06542056074766354,0.051094890510948905,160,63.203848204354394,synthetic_separation,synthetic_positive_separation,0.12818181818181817,10529404816.078066,513589304616.5222,-503059899800.44415,77,867,0,True,
2,TSB-UAD-Public-v2,autoencoder,real_only,real_only,fixed_policy,False,,none,no_filter,False,0.1,0.5206517003705611,0.05093927526196067,0.07936,0.0,0.0,0.0,1,5599912199.908497,synthetic_separation,synthetic_positive_separation,,,1088006760.6261835,,0,0,0,True,
2,TSB-UAD-Public-v2,autoencoder,random_event_oversampling,random_event_oversampling,fixed_policy,False,,random_event_oversampling,no_filter,False,0.1,0.5159954529834566,0.05083246079038781,0.09212890186391197,0.03592814371257485,0.11214953271028037,0.054421768707483,322,0.09734176168527,synthetic_separation,synthetic_positive_separation,0.11935752873354846,3413.9317142501723,1469965357.1280725,-1469961943.1963582,154,1734,0,True,
2,TSB-UAD-Public-v2,autoencoder,groupwise_cross_dataset_all,groupwise_cross_dataset_all,fixed_policy,False,cross_dataset_all,learned_prototype_event_time,no_filter,False,0.1,0.45739950172592037,0.05046266058714488,0.02478966346153846,0.015384615384615385,0.018691588785046728,0.016877637130801686,128,262.64774464225894,synthetic_separation,synthetic_positive_separation,0.05225416224979734,228.54059605076458,738961226.7114741,-738960998.170878,77,867,0,True,
2,TSB-UAD-Public-v2,autoencoder,groupwise_cross_dataset_compatible,groupwise_cross_dataset_compatible,fixed_policy,False,cross_dataset_compatible,learned_prototype_event_time,no_filter,True,0.1,0.5057385001479677,0.053508541944799,0.09414771541831839,0.014598540145985401,0.018691588785046728,0.016393442622950817,135,0.0300491675986497,synthetic_separation,synthetic_positive_separation,0.05983467644312247,341.99886229995195,891742396.4869628,-891742054.4881005,77,867,0,True,
2,TSB-UAD-Public-v2,autoencoder,groupwise_compatibility_strict,groupwise_compatibility_strict,fixed_policy,False,compatibility_strict,learned_prototype_event_time,strict,True,0.1,0.5206517003705611,0.05093927526196067,0.07936,0.0,0.0,0.0,1,5599912199.908497,synthetic_separation,synthetic_positive_separation,,,1088006760.6261835,,0,0,77,True,
2,TSB-UAD-Public-v2,autoencoder,adaptive_groupwise_transfer,groupwise_cross_dataset_all,detector_family:broad,False,cross_dataset_all,learned_prototype_event_time,no_filter,False,0.1,0.45739950172592037,0.05046266058714488,0.02478966346153846,0.015384615384615385,0.018691588785046728,0.016877637130801686,128,262.64774464225894,synthetic_separation,synthetic_positive_separation,0.05225416224979734,228.54059605076458,738961226.7114741,-738960998.170878,77,867,0,True,
2,TSB-UAD-Public-v2,cnn,real_only,real_only,fixed_policy,False,,none,no_filter,False,0.1,0.4434370484354495,0.0432266312246903,0.08520179372197309,0.6666666666666666,0.018691588785046728,0.03636363636363636,1,12021770416.570557,synthetic_separation,synthetic_positive_separation,,,63885279086.516464,,0,0,0,True,
2,TSB-UAD-Public-v2,cnn,random_event_oversampling,random_event_oversampling,fixed_policy,False,,random_event_oversampling,no_filter,False,0.1,0.4434370484354495,0.0432266312246903,0.0809309014839511,0.02365930599369085,0.14018691588785046,0.04048582995951417,619,0.1484712787432727,synthetic_separation,synthetic_positive_separation,0.11047420531526837,72563.40256841053,63885279086.516464,-63885206523.1139,154,1734,0,True,
2,TSB-UAD-Public-v2,cnn,groupwise_cross_dataset_all,groupwise_cross_dataset_all,fixed_policy,False,cross_dataset_all,learned_prototype_event_time,no_filter,False,0.1,0.4434370484354495,0.0432266312246903,0.02319845343643757,0.0,0.0,0.0,44,4497.63521800203,synthetic_separation,synthetic_positive_separation,0.050384109626963804,4621.335638498159,63885279086.516464,-63885274465.180824,77,867,0,True,
2,TSB-UAD-Public-v2,cnn,groupwise_cross_dataset_compatible,groupwise_cross_dataset_compatible,fixed_policy,False,cross_dataset_compatible,learned_prototype_event_time,no_filter,True,0.1,0.4434370484354495,0.0432266312246903,0.07361487795428129,0.02113821138211382,0.12149532710280374,0.036011080332409975,602,0.2557075166135022,synthetic_separation,synthetic_positive_separation,0.06339246208921605,4621.428851439436,63885279086.516464,-63885274465.087616,77,867,0,True,
2,TSB-UAD-Public-v2,cnn,groupwise_compatibility_strict,groupwise_compatibility_strict,fixed_policy,False,compatibility_strict,learned_prototype_event_time,strict,True,0.1,0.4434370484354495,0.0432266312246903,0.08520179372197309,0.6666666666666666,0.018691588785046728,0.03636363636363636,1,12021770416.570557,synthetic_separation,synthetic_positive_separation,,,63885279086.516464,,0,0,77,True,
2,TSB-UAD-Public-v2,cnn,adaptive_groupwise_transfer,groupwise_cross_dataset_all,detector_family:broad,False,cross_dataset_all,learned_prototype_event_time,no_filter,False,0.1,0.4434370484354495,0.0432266312246903,0.02319845343643757,0.0,0.0,0.0,44,4497.63521800203,synthetic_separation,synthetic_positive_separation,0.050384109626963804,4621.335638498159,63885279086.516464,-63885274465.180824,77,867,0,True,
2,TSB-UAD-Public-v2,timesnet,real_only,real_only,fixed_policy,False,,none,no_filter,False,0.1,0.5395144744064788,0.05661915785683107,0.08365261813537675,0.5,0.009345794392523364,0.018348623853211007,1,95915939649.3555,fp_aware_synthetic_separation,fp_aware_synthetic_separation,,,79179331654.42857,,0,0,0,True,
2,TSB-UAD-Public-v2,timesnet,random_event_oversampling,random_event_oversampling,fixed_policy,False,,random_event_oversampling,no_filter,False,0.1,0.5395144744064788,0.05661915785683107,0.08365261813537675,0.5,0.009345794392523364,0.018348623853211007,1,95915939649.3555,fp_aware_synthetic_separation,fp_aware_synthetic_separation,,108542.89491711021,79179331654.42857,-79179223111.53366,154,1734,0,True,
2,TSB-UAD-Public-v2,timesnet,groupwise_cross_dataset_all,groupwise_cross_dataset_all,fixed_policy,False,cross_dataset_all,learned_prototype_event_time,no_filter,False,0.1,0.5395144744064788,0.05661915785683107,0.08365261813537675,0.5,0.009345794392523364,0.018348623853211007,1,95915939649.3555,fp_aware_synthetic_separation,fp_aware_synthetic_separation,,8268.010455391535,79179331654.42857,-79179323386.41812,77,867,0,True,
2,TSB-UAD-Public-v2,timesnet,groupwise_cross_dataset_compatible,groupwise_cross_dataset_compatible,fixed_policy,False,cross_dataset_compatible,learned_prototype_event_time,no_filter,True,0.1,0.5395144744064788,0.05661915785683107,0.08365261813537675,0.5,0.009345794392523364,0.018348623853211007,1,95915939649.3555,fp_aware_synthetic_separation,fp_aware_synthetic_separation,,8258.919847189183,79179331654.42857,-79179323395.50873,77,867,0,True,
2,TSB-UAD-Public-v2,timesnet,groupwise_compatibility_strict,groupwise_compatibility_strict,fixed_policy,False,compatibility_strict,learned_prototype_event_time,strict,True,0.1,0.5395144744064788,0.05661915785683107,0.08365261813537675,0.5,0.009345794392523364,0.018348623853211007,1,95915939649.3555,fp_aware_synthetic_separation,fp_aware_synthetic_separation,,,79179331654.42857,,0,0,77,True,
2,TSB-UAD-Public-v2,timesnet,adaptive_groupwise_transfer,groupwise_cross_dataset_all,detector_family:broad,False,cross_dataset_all,learned_prototype_event_time,no_filter,False,0.1,0.5395144744064788,0.05661915785683107,0.08365261813537675,0.5,0.009345794392523364,0.018348623853211007,1,95915939649.3555,fp_aware_synthetic_separation,fp_aware_synthetic_separation,,8268.010455391535,79179331654.42857,-79179323386.41812,77,867,0,True,
3,TSB-UAD-Public-v2,internal_classifier,real_only,real_only,fixed_policy,False,,none,no_filter,False,0.1,0.599593095060442,0.2316975048588152,0.11970074812967581,0.08045977011494253,0.024475524475524476,0.03753351206434316,80,0.49772755539557173,oracle_val,validation_best_f1,0.11909410386567747,,,,0,0,0,True,
3,TSB-UAD-Public-v2,internal_classifier,random_event_oversampling,random_event_oversampling,fixed_policy,False,,random_event_oversampling,no_filter,False,0.1,0.67603698649264,0.19707221673854708,0.0910977381199419,0.03937007874015748,0.03496503496503497,0.03703703703703704,244,0.2400023977291106,oracle_val,validation_best_f1,0.10196692435659066,,,,182,3252,0,True,
3,TSB-UAD-Public-v2,internal_classifier,groupwise_cross_dataset_all,groupwise_cross_dataset_all,fixed_policy,False,cross_dataset_all,learned_prototype_event_time,no_filter,False,0.1,0.6246065470821804,0.1978740658076552,0.1865904365904366,0.03225806451612903,0.02097902097902098,0.025423728813559324,180,0.3688498799192773,oracle_val,validation_best_f1,0.10102110279101431,,,,91,1626,0,True,
3,TSB-UAD-Public-v2,internal_classifier,groupwise_cross_dataset_compatible,groupwise_cross_dataset_compatible,fixed_policy,False,cross_dataset_compatible,learned_prototype_event_time,no_filter,True,0.1,0.6029058020846093,0.20122173622585732,0.18575249209822514,0.04,0.02097902097902098,0.027522935779816512,144,0.3657771509161287,oracle_val,validation_best_f1,0.14672293942403178,,,,91,1626,0,True,
3,TSB-UAD-Public-v2,internal_classifier,groupwise_compatibility_strict,groupwise_compatibility_strict,fixed_policy,False,compatibility_strict,learned_prototype_event_time,strict,True,0.1,0.599593095060442,0.2316975048588152,0.11970074812967581,0.08045977011494253,0.024475524475524476,0.03753351206434316,80,0.49772755539557173,oracle_val,validation_best_f1,0.11909410386567747,,,,0,0,91,True,
3,TSB-UAD-Public-v2,internal_classifier,adaptive_groupwise_transfer,groupwise_cross_dataset_all,detector_family:broad,False,cross_dataset_all,learned_prototype_event_time,no_filter,False,0.1,0.6246065470821804,0.1978740658076552,0.1865904365904366,0.03225806451612903,0.02097902097902098,0.025423728813559324,180,0.3688498799192773,oracle_val,validation_best_f1,0.10102110279101431,,,,91,1626,0,True,
3,TSB-UAD-Public-v2,iforest,real_only,real_only,fixed_policy,False,,none,no_filter,False,0.1,0.37034448782689067,0.051022702596738634,0.007032843378577959,0.0,0.0,0.0,43,0.4576932468502551,synthetic_separation,synthetic_positive_separation,,,0.3483021597862748,,0,0,0,True,
3,TSB-UAD-Public-v2,iforest,random_event_oversampling,random_event_oversampling,fixed_policy,False,,random_event_oversampling,no_filter,False,0.1,0.37034448782689067,0.051022702596738634,0.016168754684655746,0.0,0.0,0.0,41,0.3034560312149818,synthetic_separation,synthetic_positive_separation,0.14697597873215812,0.31655171450626624,0.3483021597862748,-0.03175044528000859,182,3252,0,True,
3,TSB-UAD-Public-v2,iforest,groupwise_cross_dataset_all,groupwise_cross_dataset_all,fixed_policy,False,cross_dataset_all,learned_prototype_event_time,no_filter,False,0.1,0.37034448782689067,0.051022702596738634,0.026744543498309254,0.05660377358490566,0.01048951048951049,0.017699115044247787,50,0.30164861684690103,synthetic_separation,synthetic_positive_separation,0.07836273057762219,0.30405520903446004,0.3483021597862748,-0.044246950751814784,91,1626,0,True,
3,TSB-UAD-Public-v2,iforest,groupwise_cross_dataset_compatible,groupwise_cross_dataset_compatible,fixed_policy,False,cross_dataset_compatible,learned_prototype_event_time,no_filter,True,0.1,0.37034448782689067,0.051022702596738634,0.06528923857651549,0.0,0.0,0.0,1,0.29960649262477523,synthetic_separation,synthetic_positive_separation,0.06803774295457873,0.29974940839334113,0.3483021597862748,-0.04855275139293369,91,1626,0,True,
3,TSB-UAD-Public-v2,iforest,groupwise_compatibility_strict,groupwise_compatibility_strict,fixed_policy,False,compatibility_strict,learned_prototype_event_time,strict,True,0.1,0.37034448782689067,0.051022702596738634,0.007032843378577959,0.0,0.0,0.0,43,0.4576932468502551,synthetic_separation,synthetic_positive_separation,,,0.3483021597862748,,0,0,91,True,
3,TSB-UAD-Public-v2,iforest,adaptive_groupwise_transfer,groupwise_cross_dataset_compatible,detector_family:density,False,cross_dataset_compatible,learned_prototype_event_time,no_filter,True,0.1,0.37034448782689067,0.051022702596738634,0.06528923857651549,0.0,0.0,0.0,1,0.29960649262477523,synthetic_separation,synthetic_positive_separation,0.06803774295457873,0.29974940839334113,0.3483021597862748,-0.04855275139293369,91,1626,0,True,
3,TSB-UAD-Public-v2,ocsvm,real_only,real_only,fixed_policy,False,,none,no_filter,False,0.1,0.4782744317330067,0.0631467116730886,0.06528923857651549,0.0,0.0,0.0,1,0.0,fp_aware_synthetic_separation,fp_aware_synthetic_separation,,,0.002902825433288747,,0,0,0,True,
3,TSB-UAD-Public-v2,ocsvm,random_event_oversampling,random_event_oversampling,fixed_policy,False,,random_event_oversampling,no_filter,False,0.1,0.4782744317330067,0.0631467116730886,0.06528923857651549,0.0,0.0,0.0,1,0.0,fp_aware_synthetic_separation,fp_aware_synthetic_separation,,0.0,0.002902825433288747,-0.002902825433288747,182,3252,0,True,
3,TSB-UAD-Public-v2,ocsvm,groupwise_cross_dataset_all,groupwise_cross_dataset_all,fixed_policy,False,cross_dataset_all,learned_prototype_event_time,no_filter,False,0.1,0.4782744317330067,0.0631467116730886,0.06528923857651549,0.0,0.0,0.0,1,0.0,fp_aware_synthetic_separation,fp_aware_synthetic_separation,,0.0,0.002902825433288747,-0.002902825433288747,91,1626,0,True,
3,TSB-UAD-Public-v2,ocsvm,groupwise_cross_dataset_compatible,groupwise_cross_dataset_compatible,fixed_policy,False,cross_dataset_compatible,learned_prototype_event_time,no_filter,True,0.1,0.4782744317330067,0.0631467116730886,0.06528923857651549,0.0,0.0,0.0,1,0.0,fp_aware_synthetic_separation,fp_aware_synthetic_separation,,0.0,0.002902825433288747,-0.002902825433288747,91,1626,0,True,
3,TSB-UAD-Public-v2,ocsvm,groupwise_compatibility_strict,groupwise_compatibility_strict,fixed_policy,False,compatibility_strict,learned_prototype_event_time,strict,True,0.1,0.4782744317330067,0.0631467116730886,0.06528923857651549,0.0,0.0,0.0,1,0.0,fp_aware_synthetic_separation,fp_aware_synthetic_separation,,,0.002902825433288747,,0,0,91,True,
3,TSB-UAD-Public-v2,ocsvm,adaptive_groupwise_transfer,groupwise_cross_dataset_compatible,detector_family:density,False,cross_dataset_compatible,learned_prototype_event_time,no_filter,True,0.1,0.4782744317330067,0.0631467116730886,0.06528923857651549,0.0,0.0,0.0,1,0.0,fp_aware_synthetic_separation,fp_aware_synthetic_separation,,0.0,0.002902825433288747,-0.002902825433288747,91,1626,0,True,
3,TSB-UAD-Public-v2,lof,real_only,real_only,fixed_policy,False,,none,no_filter,False,0.1,0.3836637512635692,0.028418674832973514,0.032217308907138344,0.029411764705882353,0.006993006993006993,0.011299435028248588,66,14.19381102119345,synthetic_separation,synthetic_positive_separation,,,4.64547751951265,,0,0,0,True,
3,TSB-UAD-Public-v2,lof,random_event_oversampling,random_event_oversampling,fixed_policy,False,,random_event_oversampling,no_filter,False,0.1,0.3836637512635692,0.028418674832973514,0.05449702929727515,0.08108108108108109,0.02097902097902098,0.03333333333333333,68,1.0030949230254322,synthetic_separation,synthetic_positive_separation,0.13891616819926791,5548.887717730507,4.64547751951265,5544.242240210994,182,3252,0,True,
3,TSB-UAD-Public-v2,lof,groupwise_cross_dataset_all,groupwise_cross_dataset_all,fixed_policy,False,cross_dataset_all,learned_prototype_event_time,no_filter,False,0.1,0.3836637512635692,0.028418674832973514,0.05542809469183439,0.06521739130434782,0.02097902097902098,0.03174603174603175,86,1.0098770591920374,synthetic_separation,synthetic_positive_separation,0.07091583562171798,2.3688559155914297,4.64547751951265,-2.2766216039212206,91,1626,0,True,
3,TSB-UAD-Public-v2,lof,groupwise_cross_dataset_compatible,groupwise_cross_dataset_compatible,fixed_policy,False,cross_dataset_compatible,learned_prototype_event_time,no_filter,True,0.1,0.3836637512635692,0.028418674832973514,0.06528923857651549,0.0,0.0,0.0,1,0.9652900678412111,synthetic_separation,synthetic_positive_separation,0.06803774295457873,1.6881952821873263,4.64547751951265,-2.957282237325324,91,1626,0,True,
3,TSB-UAD-Public-v2,lof,groupwise_compatibility_strict,groupwise_compatibility_strict,fixed_policy,False,compatibility_strict,learned_prototype_event_time,strict,True,0.1,0.3836637512635692,0.028418674832973514,0.032217308907138344,0.029411764705882353,0.006993006993006993,0.011299435028248588,66,14.19381102119345,synthetic_separation,synthetic_positive_separation,,,4.64547751951265,,0,0,91,True,
3,TSB-UAD-Public-v2,lof,adaptive_groupwise_transfer,groupwise_cross_dataset_compatible,detector_family:density,False,cross_dataset_compatible,learned_prototype_event_time,no_filter,True,0.1,0.3836637512635692,0.028418674832973514,0.06528923857651549,0.0,0.0,0.0,1,0.9652900678412111,synthetic_separation,synthetic_positive_separation,0.06803774295457873,1.6881952821873263,4.64547751951265,-2.957282237325324,91,1626,0,True,
3,TSB-UAD-Public-v2,autoencoder,real_only,real_only,fixed_policy,False,,none,no_filter,False,0.1,0.34970621899037624,0.02480290681848705,0.0,0.0,0.0,0.0,1,63050.27335845272,synthetic_separation,synthetic_positive_separation,,,9936.11940178985,,0,0,0,True,
3,TSB-UAD-Public-v2,autoencoder,random_event_oversampling,random_event_oversampling,fixed_policy,False,,random_event_oversampling,no_filter,False,0.1,0.33607162851241257,0.024345381511762104,0.01764770360626987,0.06930693069306931,0.024475524475524476,0.03617571059431524,94,0.8510363938316311,synthetic_separation,synthetic_positive_separation,0.14899750591131408,5.821721552601946,10961.790196857988,-10955.968475305386,182,3252,0,True,
3,TSB-UAD-Public-v2,autoencoder,groupwise_cross_dataset_all,groupwise_cross_dataset_all,fixed_policy,False,cross_dataset_all,learned_prototype_event_time,no_filter,False,0.1,0.34384983459671503,0.02464787352320389,0.03085966201322557,0.06481481481481481,0.04895104895104895,0.05577689243027889,202,0.12848472458312452,synthetic_separation,synthetic_positive_separation,0.07651807651807652,1.2942464028971634,8322.404247392873,-8321.110000989976,91,1626,0,True,
3,TSB-UAD-Public-v2,autoencoder,groupwise_cross_dataset_compatible,groupwise_cross_dataset_compatible,fixed_policy,False,cross_dataset_compatible,learned_prototype_event_time,no_filter,True,0.1,0.4020290668564996,0.02714391564476139,0.05536876743686959,0.06726457399103139,0.05244755244755245,0.05893909626719057,208,0.09127178179596429,synthetic_separation,synthetic_positive_separation,0.07263532927249741,0.11912756304251407,9344.472996301993,-9344.35386873895,91,1626,0,True,
3,TSB-UAD-Public-v2,autoencoder,groupwise_compatibility_strict,groupwise_compatibility_strict,fixed_policy,False,compatibility_strict,learned_prototype_event_time,strict,True,0.1,0.34970621899037624,0.02480290681848705,0.0,0.0,0.0,0.0,1,63050.27335845272,synthetic_separation,synthetic_positive_separation,,,9936.11940178985,,0,0,91,True,
3,TSB-UAD-Public-v2,autoencoder,adaptive_groupwise_transfer,groupwise_cross_dataset_all,detector_family:broad,False,cross_dataset_all,learned_prototype_event_time,no_filter,False,0.1,0.34384983459671503,0.02464787352320389,0.03085966201322557,0.06481481481481481,0.04895104895104895,0.05577689243027889,202,0.12848472458312452,synthetic_separation,synthetic_positive_separation,0.07651807651807652,1.2942464028971634,8322.404247392873,-8321.110000989976,91,1626,0,True,
3,TSB-UAD-Public-v2,cnn,real_only,real_only,fixed_policy,False,,none,no_filter,False,0.1,0.33429568450441083,0.02383271122142803,0.0021344717182497333,0.02127659574468085,0.0034965034965034965,0.006006006006006006,46,830962.934564069,synthetic_separation,synthetic_positive_separation,,,119229.55616593445,,0,0,0,True,
3,TSB-UAD-Public-v2,cnn,random_event_oversampling,random_event_oversampling,fixed_policy,False,,random_event_oversampling,no_filter,False,0.1,0.33429568450441083,0.02383271122142803,0.020700905664622828,0.4166666666666667,0.03496503496503497,0.06451612903225806,14,2.1672728023391277,synthetic_separation,synthetic_positive_separation,0.1457238716211939,416.5339641120423,119229.55616593445,-118813.02220182242,182,3252,0,True,
3,TSB-UAD-Public-v2,cnn,groupwise_cross_dataset_all,groupwise_cross_dataset_all,fixed_policy,False,cross_dataset_all,learned_prototype_event_time,no_filter,False,0.1,0.33429568450441083,0.02383271122142803,0.022295623451692816,0.0365296803652968,0.027972027972027972,0.031683168316831684,211,1.05878396452909,synthetic_separation,synthetic_positive_separation,0.07682523530908165,24.949051486781567,119229.55616593445,-119204.60711444767,91,1626,0,True,
3,TSB-UAD-Public-v2,cnn,groupwise_cross_dataset_compatible,groupwise_cross_dataset_compatible,fixed_policy,False,cross_dataset_compatible,learned_prototype_event_time,no_filter,True,0.1,0.33429568450441083,0.02383271122142803,0.06528923857651549,0.0,0.0,0.0,1,0.0,synthetic_separation,synthetic_positive_separation,0.06803774295457873,0.08271782614261516,119229.55616593445,-119229.47344810831,91,1626,0,True,
3,TSB-UAD-Public-v2,cnn,groupwise_compatibility_strict,groupwise_compatibility_strict,fixed_policy,False,compatibility_strict,learned_prototype_event_time,strict,True,0.1,0.33429568450441083,0.02383271122142803,0.0021344717182497333,0.02127659574468085,0.0034965034965034965,0.006006006006006006,46,830962.934564069,synthetic_separation,synthetic_positive_separation,,,119229.55616593445,,0,0,91,True,
3,TSB-UAD-Public-v2,cnn,adaptive_groupwise_transfer,groupwise_cross_dataset_all,detector_family:broad,False,cross_dataset_all,learned_prototype_event_time,no_filter,False,0.1,0.33429568450441083,0.02383271122142803,0.022295623451692816,0.0365296803652968,0.027972027972027972,0.031683168316831684,211,1.05878396452909,synthetic_separation,synthetic_positive_separation,0.07682523530908165,24.949051486781567,119229.55616593445,-119204.60711444767,91,1626,0,True,
3,TSB-UAD-Public-v2,timesnet,real_only,real_only,fixed_policy,False,,none,no_filter,False,0.1,0.38756277765352065,0.033284147372052195,0.001282051282051282,0.0,0.0,0.0,0,1207706.3050025236,fp_aware_synthetic_separation,fp_aware_synthetic_separation,,,111439.35513148375,,0,0,0,True,
3,TSB-UAD-Public-v2,timesnet,random_event_oversampling,random_event_oversampling,fixed_policy,False,,random_event_oversampling,no_filter,False,0.1,0.38756277765352065,0.033284147372052195,0.001282051282051282,0.0,0.0,0.0,0,1207706.3050025236,fp_aware_synthetic_separation,fp_aware_synthetic_separation,,3027.5760860426853,111439.35513148375,-108411.77904544107,182,3252,0,True,
3,TSB-UAD-Public-v2,timesnet,groupwise_cross_dataset_all,groupwise_cross_dataset_all,fixed_policy,False,cross_dataset_all,learned_prototype_event_time,no_filter,False,0.1,0.38756277765352065,0.033284147372052195,0.001282051282051282,0.0,0.0,0.0,0,1207706.3050025236,fp_aware_synthetic_separation,fp_aware_synthetic_separation,,5031.082390893436,111439.35513148375,-106408.27274059031,91,1626,0,True,
3,TSB-UAD-Public-v2,timesnet,groupwise_cross_dataset_compatible,groupwise_cross_dataset_compatible,fixed_policy,False,cross_dataset_compatible,learned_prototype_event_time,no_filter,True,0.1,0.38756277765352065,0.033284147372052195,0.001282051282051282,0.0,0.0,0.0,0,1207706.3050025236,fp_aware_synthetic_separation,fp_aware_synthetic_separation,,1814.2180549476277,111439.35513148375,-109625.13707653612,91,1626,0,True,
3,TSB-UAD-Public-v2,timesnet,groupwise_compatibility_strict,groupwise_compatibility_strict,fixed_policy,False,compatibility_strict,learned_prototype_event_time,strict,True,0.1,0.38756277765352065,0.033284147372052195,0.001282051282051282,0.0,0.0,0.0,0,1207706.3050025236,fp_aware_synthetic_separation,fp_aware_synthetic_separation,,,111439.35513148375,,0,0,91,True,
3,TSB-UAD-Public-v2,timesnet,adaptive_groupwise_transfer,groupwise_cross_dataset_all,detector_family:broad,False,cross_dataset_all,learned_prototype_event_time,no_filter,False,0.1,0.38756277765352065,0.033284147372052195,0.001282051282051282,0.0,0.0,0.0,0,1207706.3050025236,fp_aware_synthetic_separation,fp_aware_synthetic_separation,,5031.082390893436,111439.35513148375,-106408.27274059031,91,1626,0,True,
4,TSB-UAD-Public-v2,internal_classifier,real_only,real_only,fixed_policy,False,,none,no_filter,False,0.1,0.5418712391438638,0.038585816053853195,0.07959437482062566,0.03951890034364261,0.48936170212765956,0.07313195548489665,559,0.11447222222222221,oracle_val,validation_best_f1,0.15853658536585366,,,,0,0,0,True,
4,TSB-UAD-Public-v2,internal_classifier,random_event_oversampling,random_event_oversampling,fixed_policy,False,,random_event_oversampling,no_filter,False,0.1,0.5463211699609848,0.03928824957893748,0.06953945976444037,0.01607142857142857,0.19148936170212766,0.029654036243822075,551,0.16206013188330984,oracle_val,validation_best_f1,0.14918659569682885,,,,170,1084,0,True,
4,TSB-UAD-Public-v2,internal_classifier,groupwise_cross_dataset_all,groupwise_cross_dataset_all,fixed_policy,False,cross_dataset_all,learned_prototype_event_time,no_filter,False,0.1,0.5287099880122137,0.03800336664801684,0.04963189676565473,0.03064066852367688,0.23404255319148937,0.054187192118226604,348,0.2467092231972446,oracle_val,validation_best_f1,0.15220544322156812,,,,85,542,0,True,
4,TSB-UAD-Public-v2,internal_classifier,groupwise_cross_dataset_compatible,groupwise_cross_dataset_compatible,fixed_policy,False,cross_dataset_compatible,learned_prototype_event_time,no_filter,True,0.1,0.5238611236238623,0.03779175607978031,0.0545822102425876,0.038461538461538464,0.2978723404255319,0.0681265206812652,350,0.1883436548452115,oracle_val,validation_best_f1,0.1509723287098348,,,,85,542,0,True,
4,TSB-UAD-Public-v2,internal_classifier,groupwise_compatibility_strict,groupwise_compatibility_strict,fixed_policy,False,compatibility_strict,learned_prototype_event_time,strict,True,0.1,0.5519638576314658,0.04007118084938273,0.06398919184475559,0.050397877984084884,0.40425531914893614,0.08962264150943397,358,0.14412820392627498,oracle_val,validation_best_f1,0.1579422926329739,,,,3,168,82,True,
4,TSB-UAD-Public-v2,internal_classifier,adaptive_groupwise_transfer,groupwise_cross_dataset_all,detector_family:broad,False,cross_dataset_all,learned_prototype_event_time,no_filter,False,0.1,0.5287099880122137,0.03800336664801684,0.04963189676565473,0.03064066852367688,0.23404255319148937,0.054187192118226604,348,0.2467092231972446,oracle_val,validation_best_f1,0.15220544322156812,,,,85,542,0,True,
4,TSB-UAD-Public-v2,iforest,real_only,real_only,fixed_policy,False,,none,no_filter,False,0.1,0.420070465293378,0.05567836680689297,0.0,0.0,0.0,0.0,0,0.7597745597269693,synthetic_separation,synthetic_positive_separation,,,0.4081580879910319,,0,0,0,True,
4,TSB-UAD-Public-v2,iforest,random_event_oversampling,random_event_oversampling,fixed_policy,False,,random_event_oversampling,no_filter,False,0.1,0.420070465293378,0.05567836680689297,0.06941787373599344,0.1111111111111111,0.3617021276595745,0.17,136,0.29835707140537654,synthetic_separation,synthetic_positive_separation,0.06841299846970925,0.29891280599074616,0.4081580879910319,-0.10924528200028577,170,1084,0,True,
4,TSB-UAD-Public-v2,iforest,groupwise_cross_dataset_all,groupwise_cross_dataset_all,fixed_policy,False,cross_dataset_all,learned_prototype_event_time,no_filter,False,0.1,0.420070465293378,0.05567836680689297,0.07474564319532588,0.0,0.0,0.0,1,0.29784266190751807,synthetic_separation,synthetic_positive_separation,0.02295686058578115,0.29838209813628264,0.4081580879910319,-0.10977598985474929,85,542,0,True,
4,TSB-UAD-Public-v2,iforest,groupwise_cross_dataset_compatible,groupwise_cross_dataset_compatible,fixed_policy,False,cross_dataset_compatible,learned_prototype_event_time,no_filter,True,0.1,0.420070465293378,0.05567836680689297,0.06944030221692017,0.1111111111111111,0.3617021276595745,0.17,136,0.29841870377912866,synthetic_separation,synthetic_positive_separation,0.038360037700282755,0.29889111822652553,0.4081580879910319,-0.1092669697645064,85,542,0,True,
4,TSB-UAD-Public-v2,iforest,groupwise_compatibility_strict,groupwise_compatibility_strict,fixed_policy,False,compatibility_strict,learned_prototype_event_time,strict,True,0.1,0.420070465293378,0.05567836680689297,0.07346570026487075,0.09090909090909091,0.0425531914893617,0.05797101449275362,20,0.2979001998946833,synthetic_separation,synthetic_positive_separation,0.009182736455463728,0.29835364975398126,0.4081580879910319,-0.10980443823705066,3,168,82,True,
4,TSB-UAD-Public-v2,iforest,adaptive_groupwise_transfer,groupwise_cross_dataset_compatible,detector_family:density,False,cross_dataset_compatible,learned_prototype_event_time,no_filter,True,0.1,0.420070465293378,0.05567836680689297,0.06944030221692017,0.1111111111111111,0.3617021276595745,0.17,136,0.29841870377912866,synthetic_separation,synthetic_positive_separation,0.038360037700282755,0.29889111822652553,0.4081580879910319,-0.1092669697645064,85,542,0,True,
4,TSB-UAD-Public-v2,ocsvm,real_only,real_only,fixed_policy,False,,none,no_filter,False,0.1,0.42491997529078085,0.06314395980419432,0.0,0.0,0.0,0.0,0,0.8847462902958796,fp_aware_synthetic_separation,fp_aware_synthetic_separation,,,0.12234436762364673,,0,0,0,True,
4,TSB-UAD-Public-v2,ocsvm,random_event_oversampling,random_event_oversampling,fixed_policy,False,,random_event_oversampling,no_filter,False,0.1,0.42491997529078085,0.06314395980419432,0.0,0.0,0.0,0.0,0,0.8847462902958796,fp_aware_synthetic_separation,fp_aware_synthetic_separation,,0.0,0.12234436762364673,-0.12234436762364673,170,1084,0,True,
4,TSB-UAD-Public-v2,ocsvm,groupwise_cross_dataset_all,groupwise_cross_dataset_all,fixed_policy,False,cross_dataset_all,learned_prototype_event_time,no_filter,False,0.1,0.42491997529078085,0.06314395980419432,0.0,0.0,0.0,0.0,0,0.8847462902958796,fp_aware_synthetic_separation,fp_aware_synthetic_separation,,0.0,0.12234436762364673,-0.12234436762364673,85,542,0,True,
4,TSB-UAD-Public-v2,ocsvm,groupwise_cross_dataset_compatible,groupwise_cross_dataset_compatible,fixed_policy,False,cross_dataset_compatible,learned_prototype_event_time,no_filter,True,0.1,0.42491997529078085,0.06314395980419432,0.0,0.0,0.0,0.0,0,0.8847462902958796,fp_aware_synthetic_separation,fp_aware_synthetic_separation,,0.0,0.12234436762364673,-0.12234436762364673,85,542,0,True,
4,TSB-UAD-Public-v2,ocsvm,groupwise_compatibility_strict,groupwise_compatibility_strict,fixed_policy,False,compatibility_strict,learned_prototype_event_time,strict,True,0.1,0.42491997529078085,0.06314395980419432,0.0,0.0,0.0,0.0,0,0.8847462902958796,fp_aware_synthetic_separation,fp_aware_synthetic_separation,,0.0,0.12234436762364673,-0.12234436762364673,3,168,82,True,
4,TSB-UAD-Public-v2,ocsvm,adaptive_groupwise_transfer,groupwise_cross_dataset_compatible,detector_family:density,False,cross_dataset_compatible,learned_prototype_event_time,no_filter,True,0.1,0.42491997529078085,0.06314395980419432,0.0,0.0,0.0,0.0,0,0.8847462902958796,fp_aware_synthetic_separation,fp_aware_synthetic_separation,,0.0,0.12234436762364673,-0.12234436762364673,85,542,0,True,
4,TSB-UAD-Public-v2,lof,real_only,real_only,fixed_policy,False,,none,no_filter,False,0.1,0.5246885303150132,0.03732226129156704,0.018453541260558804,0.028368794326241134,0.1702127659574468,0.0486322188449848,274,114.81319237254857,synthetic_separation,synthetic_positive_separation,,,16937045398.344242,,0,0,0,True,
4,TSB-UAD-Public-v2,lof,random_event_oversampling,random_event_oversampling,fixed_policy,False,,random_event_oversampling,no_filter,False,0.1,0.5246885303150132,0.03732226129156704,0.018870431893687707,0.028985507246376812,0.1702127659574468,0.04953560371517028,268,3997893.6541053117,synthetic_separation,synthetic_positive_separation,0.1620253164556962,677943056.6555766,16937045398.344242,-16259102341.688665,170,1084,0,True,
4,TSB-UAD-Public-v2,lof,groupwise_cross_dataset_all,groupwise_cross_dataset_all,fixed_policy,False,cross_dataset_all,learned_prototype_event_time,no_filter,False,0.1,0.5246885303150132,0.03732226129156704,0.018581523161476054,0.028469750889679714,0.1702127659574468,0.04878048780487805,273,125.5414767295626,synthetic_separation,synthetic_positive_separation,0.03732809430255403,250111672.86387607,16937045398.344242,-16686933725.480366,85,542,0,True,
4,TSB-UAD-Public-v2,lof,groupwise_cross_dataset_compatible,groupwise_cross_dataset_compatible,fixed_policy,False,cross_dataset_compatible,learned_prototype_event_time,no_filter,True,0.1,0.5246885303150132,0.03732226129156704,0.012498301861160169,0.014925373134328358,0.0851063829787234,0.025396825396825397,264,275263478.98234606,synthetic_separation,synthetic_positive_separation,0.258128078817734,66530474.12950861,16937045398.344242,-16870514924.214733,85,542,0,True,
4,TSB-UAD-Public-v2,lof,groupwise_compatibility_strict,groupwise_compatibility_strict,fixed_policy,False,compatibility_strict,learned_prototype_event_time,strict,True,0.1,0.5246885303150132,0.03732226129156704,0.018586387434554975,0.028469750889679714,0.1702127659574468,0.04878048780487805,273,126.45089415091451,synthetic_separation,synthetic_positive_separation,0.1829652996845426,855396290.1711634,16937045398.344242,-16081649108.173079,3,168,82,True,
4,TSB-UAD-Public-v2,lof,adaptive_groupwise_transfer,groupwise_cross_dataset_compatible,detector_family:density,False,cross_dataset_compatible,learned_prototype_event_time,no_filter,True,0.1,0.5246885303150132,0.03732226129156704,0.012498301861160169,0.014925373134328358,0.0851063829787234,0.025396825396825397,264,275263478.98234606,synthetic_separation,synthetic_positive_separation,0.258128078817734,66530474.12950861,16937045398.344242,-16870514924.214733,85,542,0,True,
4,TSB-UAD-Public-v2,autoencoder,real_only,real_only,fixed_policy,False,,none,no_filter,False,0.1,0.43311799532520356,0.05087365323053272,0.0,0.0,0.0,0.0,0,690637334.7731131,synthetic_separation,synthetic_positive_separation,,,92493660.62767458,,0,0,0,True,
4,TSB-UAD-Public-v2,autoencoder,random_event_oversampling,random_event_oversampling,fixed_policy,False,,random_event_oversampling,no_filter,False,0.1,0.4350794612685925,0.050957668757128066,0.0770935570682286,0.06428571428571428,0.574468085106383,0.11563169164882225,393,0.4395102387150626,synthetic_separation,synthetic_positive_separation,0.04492176852205201,0.9861759530938788,76663414.02729945,-76663413.0411235,170,1084,0,True,
4,TSB-UAD-Public-v2,autoencoder,groupwise_cross_dataset_all,groupwise_cross_dataset_all,fixed_policy,False,cross_dataset_all,learned_prototype_event_time,no_filter,False,0.1,0.432835300729098,0.05307516265215079,0.07419577084106206,0.06444444444444444,0.6170212765957447,0.11670020120724346,421,0.20819422826816017,synthetic_separation,synthetic_positive_separation,0.03469807945455159,0.2946352985849304,106133946.17293698,-106133945.87830168,85,542,0,True,
4,TSB-UAD-Public-v2,autoencoder,groupwise_cross_dataset_compatible,groupwise_cross_dataset_compatible,fixed_policy,False,cross_dataset_compatible,learned_prototype_event_time,no_filter,True,0.1,0.4390423152714419,0.049697689055816896,0.07396982661562711,0.06930693069306931,0.5957446808510638,0.12416851441241684,376,0.23875676382593147,synthetic_separation,synthetic_positive_separation,0.043283314401865246,0.31634571276995105,102675581.32698926,-102675581.01064356,85,542,0,True,
4,TSB-UAD-Public-v2,autoencoder,groupwise_compatibility_strict,groupwise_compatibility_strict,fixed_policy,False,compatibility_strict,learned_prototype_event_time,strict,True,0.1,0.4150017358079724,0.04625931748582246,0.06761796297536901,0.06201550387596899,0.5106382978723404,0.11059907834101382,363,0.44116506800945465,synthetic_separation,synthetic_positive_separation,0.014609903598586911,0.5503092242027532,98382354.81992306,-98382354.26961383,3,168,82,True,
4,TSB-UAD-Public-v2,autoencoder,adaptive_groupwise_transfer,groupwise_cross_dataset_all,detector_family:broad,False,cross_dataset_all,learned_prototype_event_time,no_filter,False,0.1,0.432835300729098,0.05307516265215079,0.07419577084106206,0.06444444444444444,0.6170212765957447,0.11670020120724346,421,0.20819422826816017,synthetic_separation,synthetic_positive_separation,0.03469807945455159,0.2946352985849304,106133946.17293698,-106133945.87830168,85,542,0,True,
4,TSB-UAD-Public-v2,cnn,real_only,real_only,fixed_policy,False,,none,no_filter,False,0.1,0.4149619662904037,0.04978671570198013,0.0,0.0,0.0,0.0,0,9543954007.979467,synthetic_separation,synthetic_positive_separation,,,1468033611.2350569,,0,0,0,True,
4,TSB-UAD-Public-v2,cnn,random_event_oversampling,random_event_oversampling,fixed_policy,False,,random_event_oversampling,no_filter,False,0.1,0.4149619662904037,0.04978671570198013,0.06712535660345696,0.044444444444444446,0.2978723404255319,0.07734806629834254,301,1.8581969910405305,synthetic_separation,synthetic_positive_separation,0.060517423974986134,9.686605192048821,1468033611.2350569,-1468033601.5484517,170,1084,0,True,
4,TSB-UAD-Public-v2,cnn,groupwise_cross_dataset_all,groupwise_cross_dataset_all,fixed_policy,False,cross_dataset_all,learned_prototype_event_time,no_filter,False,0.1,0.4149619662904037,0.04978671570198013,0.06669004775136914,0.041666666666666664,0.2765957446808511,0.0724233983286908,299,1.3506086570453262,synthetic_separation,synthetic_positive_separation,0.027980826842420613,3.9315869965566606,1468033611.2350569,-1468033607.30347,85,542,0,True,
4,TSB-UAD-Public-v2,cnn,groupwise_cross_dataset_compatible,groupwise_cross_dataset_compatible,fixed_policy,False,cross_dataset_compatible,learned_prototype_event_time,no_filter,True,0.1,0.4149619662904037,0.04978671570198013,0.06726693447845962,0.045307443365695796,0.2978723404255319,0.07865168539325842,295,1.721028176353002,synthetic_separation,synthetic_positive_separation,0.039227215455690884,5.623213418970067,1468033611.2350569,-1468033605.6118433,85,542,0,True,
4,TSB-UAD-Public-v2,cnn,groupwise_compatibility_strict,groupwise_compatibility_strict,fixed_policy,False,compatibility_strict,learned_prototype_event_time,strict,True,0.1,0.4149619662904037,0.04978671570198013,0.06714522363335174,0.045454545454545456,0.2978723404255319,0.07887323943661972,294,1.6746270519047926,synthetic_separation,synthetic_positive_separation,0.009047044632086852,3.0122662174265,1468033611.2350569,-1468033608.2227907,3,168,82,True,
4,TSB-UAD-Public-v2,cnn,adaptive_groupwise_transfer,groupwise_cross_dataset_all,detector_family:broad,False,cross_dataset_all,learned_prototype_event_time,no_filter,False,0.1,0.4149619662904037,0.04978671570198013,0.06669004775136914,0.041666666666666664,0.2765957446808511,0.0724233983286908,299,1.3506086570453262,synthetic_separation,synthetic_positive_separation,0.027980826842420613,3.9315869965566606,1468033611.2350569,-1468033607.30347,85,542,0,True,
4,TSB-UAD-Public-v2,timesnet,real_only,real_only,fixed_policy,False,,none,no_filter,False,0.1,0.3505979366921633,0.035565977338790855,0.0,0.0,0.0,0.0,0,9425911727.200466,fp_aware_synthetic_separation,fp_aware_synthetic_separation,,,1149246880.211524,,0,0,0,True,
4,TSB-UAD-Public-v2,timesnet,random_event_oversampling,random_event_oversampling,fixed_policy,False,,random_event_oversampling,no_filter,False,0.1,0.3505979366921633,0.035565977338790855,0.0,0.0,0.0,0.0,0,9425911727.200466,fp_aware_synthetic_separation,fp_aware_synthetic_separation,,1022.4833433985606,1149246880.211524,-1149245857.7281806,170,1084,0,True,
4,TSB-UAD-Public-v2,timesnet,groupwise_cross_dataset_all,groupwise_cross_dataset_all,fixed_policy,False,cross_dataset_all,learned_prototype_event_time,no_filter,False,0.1,0.3505979366921633,0.035565977338790855,0.0,0.0,0.0,0.0,0,9425911727.200466,fp_aware_synthetic_separation,fp_aware_synthetic_separation,,1402.4791618514962,1149246880.211524,-1149245477.7323623,85,542,0,True,
4,TSB-UAD-Public-v2,timesnet,groupwise_cross_dataset_compatible,groupwise_cross_dataset_compatible,fixed_policy,False,cross_dataset_compatible,learned_prototype_event_time,no_filter,True,0.1,0.3505979366921633,0.035565977338790855,0.0,0.0,0.0,0.0,0,9425911727.200466,fp_aware_synthetic_separation,fp_aware_synthetic_separation,,799.2046097904719,1149246880.211524,-1149246081.0069141,85,542,0,True,
4,TSB-UAD-Public-v2,timesnet,groupwise_compatibility_strict,groupwise_compatibility_strict,fixed_policy,False,compatibility_strict,learned_prototype_event_time,strict,True,0.1,0.3505979366921633,0.035565977338790855,0.0,0.0,0.0,0.0,0,9425911727.200466,fp_aware_synthetic_separation,fp_aware_synthetic_separation,,1427.175336954417,1149246880.211524,-1149245453.0361872,3,168,82,True,
4,TSB-UAD-Public-v2,timesnet,adaptive_groupwise_transfer,groupwise_cross_dataset_all,detector_family:broad,False,cross_dataset_all,learned_prototype_event_time,no_filter,False,0.1,0.3505979366921633,0.035565977338790855,0.0,0.0,0.0,0.0,0,9425911727.200466,fp_aware_synthetic_separation,fp_aware_synthetic_separation,,1402.4791618514962,1149246880.211524,-1149245477.7323623,85,542,0,True,
