detector_backbone,augmentation_policy,selected_policy_name,selection_reason,fallback_used,threshold,threshold_mode,calibration_f1,synthetic_score_mean,normal_score_mean,synthetic_normal_score_gap,split_seed
internal_classifier,real_only,real_only,fixed_policy,False,0.5641270248624448,oracle_val,0.15875527426160338,,,,0
internal_classifier,random_event_oversampling,random_event_oversampling,fixed_policy,False,0.6259358354496298,oracle_val,0.1514476614699332,,,,0
internal_classifier,groupwise_cross_dataset_all,groupwise_cross_dataset_all,fixed_policy,False,0.61950802319389,oracle_val,0.14897579143389197,,,,0
internal_classifier,groupwise_cross_dataset_compatible,groupwise_cross_dataset_compatible,fixed_policy,False,0.657948692587569,oracle_val,0.14101694915254237,,,,0
internal_classifier,groupwise_compatibility_strict,groupwise_compatibility_strict,fixed_policy,False,0.6689445755727462,oracle_val,0.14773673979450155,,,,0
internal_classifier,adaptive_groupwise_transfer,groupwise_cross_dataset_all,detector_family:broad,False,0.61950802319389,oracle_val,0.14897579143389197,,,,0
iforest,real_only,real_only,fixed_policy,False,0.5147561525315539,synthetic_separation,,,0.367090349887458,,0
iforest,random_event_oversampling,random_event_oversampling,fixed_policy,False,0.2992826162940188,synthetic_separation,0.1670149430272444,0.3197037230728841,0.367090349887458,-0.047386626814573896,0
iforest,groupwise_cross_dataset_all,groupwise_cross_dataset_all,fixed_policy,False,0.2968310858917414,synthetic_separation,0.09074243813015583,0.3009350768518727,0.367090349887458,-0.06615527303558527,0
iforest,groupwise_cross_dataset_compatible,groupwise_cross_dataset_compatible,fixed_policy,False,0.2968310858917414,synthetic_separation,0.09074243813015583,0.2978061995681934,0.367090349887458,-0.0692841503192646,0
iforest,groupwise_compatibility_strict,groupwise_compatibility_strict,fixed_policy,False,0.2968310858917414,synthetic_separation,0.002779256105493466,0.2974517654561562,0.367090349887458,-0.06963858443130178,0
iforest,adaptive_groupwise_transfer,groupwise_cross_dataset_compatible,detector_family:density,False,0.2968310858917414,synthetic_separation,0.09074243813015583,0.2978061995681934,0.367090349887458,-0.0692841503192646,0
ocsvm,real_only,real_only,fixed_policy,False,16.66285005476493,fp_aware_synthetic_separation,,,2.5717789443753754,,0
ocsvm,random_event_oversampling,random_event_oversampling,fixed_policy,False,16.66285005476493,fp_aware_synthetic_separation,,0.00011193315895102979,2.5717789443753754,-2.5716670112164244,0
ocsvm,groupwise_cross_dataset_all,groupwise_cross_dataset_all,fixed_policy,False,16.66285005476493,fp_aware_synthetic_separation,,0.0,2.5717789443753754,-2.5717789443753754,0
ocsvm,groupwise_cross_dataset_compatible,groupwise_cross_dataset_compatible,fixed_policy,False,16.66285005476493,fp_aware_synthetic_separation,,0.0,2.5717789443753754,-2.5717789443753754,0
ocsvm,groupwise_compatibility_strict,groupwise_compatibility_strict,fixed_policy,False,16.66285005476493,fp_aware_synthetic_separation,,0.0,2.5717789443753754,-2.5717789443753754,0
ocsvm,adaptive_groupwise_transfer,groupwise_cross_dataset_compatible,detector_family:density,False,16.66285005476493,fp_aware_synthetic_separation,,0.0,2.5717789443753754,-2.5717789443753754,0
lof,real_only,real_only,fixed_policy,False,7325071864568.99,synthetic_separation,,,1080202494243.464,,0
lof,random_event_oversampling,random_event_oversampling,fixed_policy,False,1.0028854193723142,synthetic_separation,0.168059351815697,14127.504028782807,1080202494243.464,-1080202480115.96,0
lof,groupwise_cross_dataset_all,groupwise_cross_dataset_all,fixed_policy,False,1.1985344042150559,synthetic_separation,0.10316529894490035,273026.2969095456,1080202494243.464,-1080202221217.1671,0
lof,groupwise_cross_dataset_compatible,groupwise_cross_dataset_compatible,fixed_policy,False,4.3840074104334885,synthetic_separation,0.13305995475113122,7792051.039589142,1080202494243.464,-1080194702192.4244,0
lof,groupwise_compatibility_strict,groupwise_compatibility_strict,fixed_policy,False,1.1882321431394502,synthetic_separation,0.0036128833884233992,2.420751033551997,1080202494243.464,-1080202494241.0432,0
lof,adaptive_groupwise_transfer,groupwise_cross_dataset_compatible,detector_family:density,False,4.3840074104334885,synthetic_separation,0.13305995475113122,7792051.039589142,1080202494243.464,-1080194702192.4244,0
autoencoder,real_only,real_only,fixed_policy,False,1572.9143797752815,synthetic_separation,,,266.160333653324,,0
autoencoder,random_event_oversampling,random_event_oversampling,fixed_policy,False,0.3660105848573085,synthetic_separation,0.16638655462184873,1.5503012062542125,313.02434962725897,-311.47404842100474,0
autoencoder,groupwise_cross_dataset_all,groupwise_cross_dataset_all,fixed_policy,False,0.3535945796051201,synthetic_separation,0.09283306625407527,0.7645918645009012,304.5433218434788,-303.7787299789779,0
autoencoder,groupwise_cross_dataset_compatible,groupwise_cross_dataset_compatible,fixed_policy,False,0.3160980064054601,synthetic_separation,0.09286266710860679,0.4001479337163104,303.9571848836565,-303.5570369499402,0
autoencoder,groupwise_compatibility_strict,groupwise_compatibility_strict,fixed_policy,False,0.7961091130027145,synthetic_separation,0.002989346477977421,0.9047668749629364,277.0733530280488,-276.16858615308587,0
autoencoder,adaptive_groupwise_transfer,groupwise_cross_dataset_all,detector_family:broad,False,0.3535945796051201,synthetic_separation,0.09283306625407527,0.7645918645009012,304.5433218434788,-303.7787299789779,0
cnn,real_only,real_only,fixed_policy,False,312940.66196283785,synthetic_separation,,,52551.31192566876,,0
cnn,random_event_oversampling,random_event_oversampling,fixed_policy,False,0.0,synthetic_separation,0.16638655462184873,188.87541233546014,52551.31192566876,-52362.4365133333,0
cnn,groupwise_cross_dataset_all,groupwise_cross_dataset_all,fixed_policy,False,9.232898721620389,synthetic_separation,0.09873417721518987,30.079959524363304,52551.31192566876,-52521.23196614439,0
cnn,groupwise_cross_dataset_compatible,groupwise_cross_dataset_compatible,fixed_policy,False,0.0,synthetic_separation,0.09074243813015583,9.679994639501825,52551.31192566876,-52541.63193102925,0
cnn,groupwise_compatibility_strict,groupwise_compatibility_strict,fixed_policy,False,7.876468611366164,synthetic_separation,0.0036611489776046738,9.260471518128007,52551.31192566876,-52542.05145415063,0
cnn,adaptive_groupwise_transfer,groupwise_cross_dataset_all,detector_family:broad,False,9.232898721620389,synthetic_separation,0.09873417721518987,30.079959524363304,52551.31192566876,-52521.23196614439,0
timesnet,real_only,real_only,fixed_policy,False,736807.18151562,fp_aware_synthetic_separation,,,48049.77476680329,,0
timesnet,random_event_oversampling,random_event_oversampling,fixed_policy,False,736807.18151562,fp_aware_synthetic_separation,,2593.649846312386,48049.77476680329,-45456.1249204909,0
timesnet,groupwise_cross_dataset_all,groupwise_cross_dataset_all,fixed_policy,False,736807.18151562,fp_aware_synthetic_separation,,692.4330525734092,48049.77476680329,-47357.34171422988,0
timesnet,groupwise_cross_dataset_compatible,groupwise_cross_dataset_compatible,fixed_policy,False,736807.18151562,fp_aware_synthetic_separation,,254.55232117273985,48049.77476680329,-47795.22244563055,0
timesnet,groupwise_compatibility_strict,groupwise_compatibility_strict,fixed_policy,False,736807.18151562,fp_aware_synthetic_separation,,1630.4855600849637,48049.77476680329,-46419.28920671833,0
timesnet,adaptive_groupwise_transfer,groupwise_cross_dataset_all,detector_family:broad,False,736807.18151562,fp_aware_synthetic_separation,,692.4330525734092,48049.77476680329,-47357.34171422988,0
internal_classifier,real_only,real_only,fixed_policy,False,0.6677700424729203,oracle_val,0.08617234468937877,,,,1
internal_classifier,random_event_oversampling,random_event_oversampling,fixed_policy,False,0.11342957264398748,oracle_val,0.06323372465314833,,,,1
internal_classifier,groupwise_cross_dataset_all,groupwise_cross_dataset_all,fixed_policy,False,0.6681969225298923,oracle_val,0.09246575342465754,,,,1
internal_classifier,groupwise_cross_dataset_compatible,groupwise_cross_dataset_compatible,fixed_policy,False,0.695,oracle_val,0.08919382504288165,,,,1
internal_classifier,groupwise_compatibility_strict,groupwise_compatibility_strict,fixed_policy,False,0.6508341832934365,oracle_val,0.11320754716981132,,,,1
internal_classifier,adaptive_groupwise_transfer,groupwise_cross_dataset_all,detector_family:broad,False,0.6681969225298923,oracle_val,0.09246575342465754,,,,1
iforest,real_only,real_only,fixed_policy,False,0.39901453522353286,synthetic_separation,,,0.3248773972814482,,1
iforest,random_event_oversampling,random_event_oversampling,fixed_policy,False,0.41808434932541283,synthetic_separation,0.3706896551724138,0.40601557528861315,0.3248773972814482,0.08113817800716494,1
iforest,groupwise_cross_dataset_all,groupwise_cross_dataset_all,fixed_policy,False,0.29670066657660155,synthetic_separation,0.15019331362292473,0.2996417620725204,0.3248773972814482,-0.025235635208927798,1
iforest,groupwise_cross_dataset_compatible,groupwise_cross_dataset_compatible,fixed_policy,False,0.29670066657660155,synthetic_separation,0.16513264753654575,0.2968087452858954,0.3248773972814482,-0.028068651995552807,1
iforest,groupwise_compatibility_strict,groupwise_compatibility_strict,fixed_policy,False,0.29670066657660155,synthetic_separation,0.009598012646793134,0.29686639356546757,0.3248773972814482,-0.028011003715980642,1
iforest,adaptive_groupwise_transfer,groupwise_cross_dataset_compatible,detector_family:density,False,0.29670066657660155,synthetic_separation,0.16513264753654575,0.2968087452858954,0.3248773972814482,-0.028068651995552807,1
ocsvm,real_only,real_only,fixed_policy,False,0.01652056105012889,fp_aware_synthetic_separation,,,0.0011838724061433092,,1
ocsvm,random_event_oversampling,random_event_oversampling,fixed_policy,False,0.021823662806127686,fp_aware_synthetic_separation,0.365097588978186,1428.9641961880634,0.0011838724061433092,1428.9630123156574,1
ocsvm,groupwise_cross_dataset_all,groupwise_cross_dataset_all,fixed_policy,False,0.01652056105012889,fp_aware_synthetic_separation,,2.4444459562071386e-06,0.0011838724061433092,-0.001181427960187102,1
ocsvm,groupwise_cross_dataset_compatible,groupwise_cross_dataset_compatible,fixed_policy,False,0.01652056105012889,fp_aware_synthetic_separation,,9.15275881669187e-06,0.0011838724061433092,-0.0011747196473266173,1
ocsvm,groupwise_compatibility_strict,groupwise_compatibility_strict,fixed_policy,False,0.01652056105012889,fp_aware_synthetic_separation,,2.5340852918912118e-05,0.0011838724061433092,-0.001158531553224397,1
ocsvm,adaptive_groupwise_transfer,groupwise_cross_dataset_compatible,detector_family:density,False,0.01652056105012889,fp_aware_synthetic_separation,,9.15275881669187e-06,0.0011838724061433092,-0.0011747196473266173,1
lof,real_only,real_only,fixed_policy,False,16.440103485515763,synthetic_separation,,,2831.9659901588725,,1
lof,random_event_oversampling,random_event_oversampling,fixed_policy,False,1.002518929647633,synthetic_separation,0.2635198415883974,97136428.7277689,2831.9659901588725,97133596.76177874,1
lof,groupwise_cross_dataset_all,groupwise_cross_dataset_all,fixed_policy,False,1.0129648353352305,synthetic_separation,0.1462528577244684,1.690014776580791,2831.9659901588725,-2830.2759753822916,1
lof,groupwise_cross_dataset_compatible,groupwise_cross_dataset_compatible,fixed_policy,False,125620947.56711149,synthetic_separation,0.25257249766136575,143721085.2996473,2831.9659901588725,143718253.33365715,1
lof,groupwise_compatibility_strict,groupwise_compatibility_strict,fixed_policy,False,27.527102553599832,synthetic_separation,0.2825278810408922,2028753037.1754024,2831.9659901588725,2028750205.2094123,1
lof,adaptive_groupwise_transfer,groupwise_cross_dataset_compatible,detector_family:density,False,125620947.56711149,synthetic_separation,0.25257249766136575,143721085.2996473,2831.9659901588725,143718253.33365715,1
autoencoder,real_only,real_only,fixed_policy,False,169355.04903505533,synthetic_separation,,,33010.07470953318,,1
autoencoder,random_event_oversampling,random_event_oversampling,fixed_policy,False,0.20809608827766596,synthetic_separation,0.35426221730191365,1881365668730.296,18192.084087000283,1881365650538.212,1
autoencoder,groupwise_cross_dataset_all,groupwise_cross_dataset_all,fixed_policy,False,0.3829875438277489,synthetic_separation,0.24211884717015916,3.061178027391346,14147.578004256737,-14144.516826229345,1
autoencoder,groupwise_cross_dataset_compatible,groupwise_cross_dataset_compatible,fixed_policy,False,0.7447148714507723,synthetic_separation,0.1916829547752241,0.6149663321485571,11606.181376845798,-11605.56641051365,1
autoencoder,groupwise_compatibility_strict,groupwise_compatibility_strict,fixed_policy,False,0.02097941579826918,synthetic_separation,0.0057346372087407945,0.08638267325722951,39881.55925092369,-39881.47286825043,1
autoencoder,adaptive_groupwise_transfer,groupwise_cross_dataset_all,detector_family:broad,False,0.3829875438277489,synthetic_separation,0.24211884717015916,3.061178027391346,14147.578004256737,-14144.516826229345,1
cnn,real_only,real_only,fixed_policy,False,1020310.4231957941,synthetic_separation,,,126236.01577104173,,1
cnn,random_event_oversampling,random_event_oversampling,fixed_policy,False,4562506.210194924,synthetic_separation,0.3775862068965517,428015445562410.9,126236.01577104173,428015445436174.9,1
cnn,groupwise_cross_dataset_all,groupwise_cross_dataset_all,fixed_policy,False,0.0,synthetic_separation,0.1453847351216728,25.922226770662665,126236.01577104173,-126210.09354427106,1
cnn,groupwise_cross_dataset_compatible,groupwise_cross_dataset_compatible,fixed_policy,False,0.0,synthetic_separation,0.1453847351216728,0.5907783128525438,126236.01577104173,-126235.42499272888,1
cnn,groupwise_compatibility_strict,groupwise_compatibility_strict,fixed_policy,False,1.3204049274013832,synthetic_separation,0.00687799043062201,0.9763060704241359,126236.01577104173,-126235.0394649713,1
cnn,adaptive_groupwise_transfer,groupwise_cross_dataset_all,detector_family:broad,False,0.0,synthetic_separation,0.1453847351216728,25.922226770662665,126236.01577104173,-126210.09354427106,1
timesnet,real_only,real_only,fixed_policy,False,1133953.0785860794,fp_aware_synthetic_separation,,,126141.63507681595,,1
timesnet,random_event_oversampling,random_event_oversampling,fixed_policy,False,4325878.823119523,fp_aware_synthetic_separation,0.2841929103909935,468012048414313.6,126141.63507681595,468012048288172.0,1
timesnet,groupwise_cross_dataset_all,groupwise_cross_dataset_all,fixed_policy,False,1133953.0785860794,fp_aware_synthetic_separation,,1995.0547501546716,126141.63507681595,-124146.58032666128,1
timesnet,groupwise_cross_dataset_compatible,groupwise_cross_dataset_compatible,fixed_policy,False,1133953.0785860794,fp_aware_synthetic_separation,,1815.358189399874,126141.63507681595,-124326.27688741607,1
timesnet,groupwise_compatibility_strict,groupwise_compatibility_strict,fixed_policy,False,1133953.0785860794,fp_aware_synthetic_separation,,1483.0777255326445,126141.63507681595,-124658.5573512833,1
timesnet,adaptive_groupwise_transfer,groupwise_cross_dataset_all,detector_family:broad,False,1133953.0785860794,fp_aware_synthetic_separation,,1995.0547501546716,126141.63507681595,-124146.58032666128,1
internal_classifier,real_only,real_only,fixed_policy,False,0.4169065972248611,oracle_val,0.18035303146584802,,,,2
internal_classifier,random_event_oversampling,random_event_oversampling,fixed_policy,False,0.17372017465213335,oracle_val,0.19315486275838697,,,,2
internal_classifier,groupwise_cross_dataset_all,groupwise_cross_dataset_all,fixed_policy,False,0.23234883769326686,oracle_val,0.1953551912568306,,,,2
internal_classifier,groupwise_cross_dataset_compatible,groupwise_cross_dataset_compatible,fixed_policy,False,0.23119577779737024,oracle_val,0.1976112920738328,,,,2
internal_classifier,groupwise_compatibility_strict,groupwise_compatibility_strict,fixed_policy,False,0.4169065972248611,oracle_val,0.18035303146584802,,,,2
internal_classifier,adaptive_groupwise_transfer,groupwise_cross_dataset_all,detector_family:broad,False,0.23234883769326686,oracle_val,0.1953551912568306,,,,2
iforest,real_only,real_only,fixed_policy,False,0.8509806946577452,synthetic_separation,,,0.46743536309461536,,2
iforest,random_event_oversampling,random_event_oversampling,fixed_policy,False,0.2981964105386568,synthetic_separation,0.1177807771542232,0.3824978918682136,0.46743536309461536,-0.08493747122640177,2
iforest,groupwise_cross_dataset_all,groupwise_cross_dataset_all,fixed_policy,False,0.298223101357279,synthetic_separation,0.054748432482030894,0.3480178882033751,0.46743536309461536,-0.11941747489124027,2
iforest,groupwise_cross_dataset_compatible,groupwise_cross_dataset_compatible,fixed_policy,False,0.298223101357279,synthetic_separation,0.06591401528110388,0.34537051540571384,0.46743536309461536,-0.12206484768890152,2
iforest,groupwise_compatibility_strict,groupwise_compatibility_strict,fixed_policy,False,0.8509806946577452,synthetic_separation,,,0.46743536309461536,,2
iforest,adaptive_groupwise_transfer,groupwise_cross_dataset_compatible,detector_family:density,False,0.298223101357279,synthetic_separation,0.06591401528110388,0.34537051540571384,0.46743536309461536,-0.12206484768890152,2
ocsvm,real_only,real_only,fixed_policy,False,17204.90668859753,fp_aware_synthetic_separation,,,1683.826136769189,,2
ocsvm,random_event_oversampling,random_event_oversampling,fixed_policy,False,17204.90668859753,fp_aware_synthetic_separation,,0.021313135257027917,1683.826136769189,-1683.8048236339318,2
ocsvm,groupwise_cross_dataset_all,groupwise_cross_dataset_all,fixed_policy,False,17204.90668859753,fp_aware_synthetic_separation,,0.0,1683.826136769189,-1683.826136769189,2
ocsvm,groupwise_cross_dataset_compatible,groupwise_cross_dataset_compatible,fixed_policy,False,17204.90668859753,fp_aware_synthetic_separation,,0.0,1683.826136769189,-1683.826136769189,2
ocsvm,groupwise_compatibility_strict,groupwise_compatibility_strict,fixed_policy,False,17204.90668859753,fp_aware_synthetic_separation,,,1683.826136769189,,2
ocsvm,adaptive_groupwise_transfer,groupwise_cross_dataset_compatible,detector_family:density,False,17204.90668859753,fp_aware_synthetic_separation,,0.0,1683.826136769189,-1683.826136769189,2
lof,real_only,real_only,fixed_policy,False,4996586808006.885,synthetic_separation,,,513589304616.5222,,2
lof,random_event_oversampling,random_event_oversampling,fixed_policy,False,0.9482540516365683,synthetic_separation,0.09198207039227647,9534055223.42466,513589304616.5222,-504055249393.09753,2
lof,groupwise_cross_dataset_all,groupwise_cross_dataset_all,fixed_policy,False,65.11726755404712,synthetic_separation,0.14250056727932833,20356458416.607033,513589304616.5222,-493232846199.91516,2
lof,groupwise_cross_dataset_compatible,groupwise_cross_dataset_compatible,fixed_policy,False,63.203848204354394,synthetic_separation,0.12818181818181817,10529404816.078066,513589304616.5222,-503059899800.44415,2
lof,groupwise_compatibility_strict,groupwise_compatibility_strict,fixed_policy,False,4996586808006.885,synthetic_separation,,,513589304616.5222,,2
lof,adaptive_groupwise_transfer,groupwise_cross_dataset_compatible,detector_family:density,False,63.203848204354394,synthetic_separation,0.12818181818181817,10529404816.078066,513589304616.5222,-503059899800.44415,2
autoencoder,real_only,real_only,fixed_policy,False,5599912199.908497,synthetic_separation,,,1088006760.6261835,,2
autoencoder,random_event_oversampling,random_event_oversampling,fixed_policy,False,0.09734176168527,synthetic_separation,0.11935752873354846,3413.9317142501723,1469965357.1280725,-1469961943.1963582,2
autoencoder,groupwise_cross_dataset_all,groupwise_cross_dataset_all,fixed_policy,False,262.64774464225894,synthetic_separation,0.05225416224979734,228.54059605076458,738961226.7114741,-738960998.170878,2
autoencoder,groupwise_cross_dataset_compatible,groupwise_cross_dataset_compatible,fixed_policy,False,0.0300491675986497,synthetic_separation,0.05983467644312247,341.99886229995195,891742396.4869628,-891742054.4881005,2
autoencoder,groupwise_compatibility_strict,groupwise_compatibility_strict,fixed_policy,False,5599912199.908497,synthetic_separation,,,1088006760.6261835,,2
autoencoder,adaptive_groupwise_transfer,groupwise_cross_dataset_all,detector_family:broad,False,262.64774464225894,synthetic_separation,0.05225416224979734,228.54059605076458,738961226.7114741,-738960998.170878,2
cnn,real_only,real_only,fixed_policy,False,12021770416.570557,synthetic_separation,,,63885279086.516464,,2
cnn,random_event_oversampling,random_event_oversampling,fixed_policy,False,0.1484712787432727,synthetic_separation,0.11047420531526837,72563.40256841053,63885279086.516464,-63885206523.1139,2
cnn,groupwise_cross_dataset_all,groupwise_cross_dataset_all,fixed_policy,False,4497.63521800203,synthetic_separation,0.050384109626963804,4621.335638498159,63885279086.516464,-63885274465.180824,2
cnn,groupwise_cross_dataset_compatible,groupwise_cross_dataset_compatible,fixed_policy,False,0.2557075166135022,synthetic_separation,0.06339246208921605,4621.428851439436,63885279086.516464,-63885274465.087616,2
cnn,groupwise_compatibility_strict,groupwise_compatibility_strict,fixed_policy,False,12021770416.570557,synthetic_separation,,,63885279086.516464,,2
cnn,adaptive_groupwise_transfer,groupwise_cross_dataset_all,detector_family:broad,False,4497.63521800203,synthetic_separation,0.050384109626963804,4621.335638498159,63885279086.516464,-63885274465.180824,2
timesnet,real_only,real_only,fixed_policy,False,95915939649.3555,fp_aware_synthetic_separation,,,79179331654.42857,,2
timesnet,random_event_oversampling,random_event_oversampling,fixed_policy,False,95915939649.3555,fp_aware_synthetic_separation,,108542.89491711021,79179331654.42857,-79179223111.53366,2
timesnet,groupwise_cross_dataset_all,groupwise_cross_dataset_all,fixed_policy,False,95915939649.3555,fp_aware_synthetic_separation,,8268.010455391535,79179331654.42857,-79179323386.41812,2
timesnet,groupwise_cross_dataset_compatible,groupwise_cross_dataset_compatible,fixed_policy,False,95915939649.3555,fp_aware_synthetic_separation,,8258.919847189183,79179331654.42857,-79179323395.50873,2
timesnet,groupwise_compatibility_strict,groupwise_compatibility_strict,fixed_policy,False,95915939649.3555,fp_aware_synthetic_separation,,,79179331654.42857,,2
timesnet,adaptive_groupwise_transfer,groupwise_cross_dataset_all,detector_family:broad,False,95915939649.3555,fp_aware_synthetic_separation,,8268.010455391535,79179331654.42857,-79179323386.41812,2
internal_classifier,real_only,real_only,fixed_policy,False,0.49772755539557173,oracle_val,0.11909410386567747,,,,3
internal_classifier,random_event_oversampling,random_event_oversampling,fixed_policy,False,0.2400023977291106,oracle_val,0.10196692435659066,,,,3
internal_classifier,groupwise_cross_dataset_all,groupwise_cross_dataset_all,fixed_policy,False,0.3688498799192773,oracle_val,0.10102110279101431,,,,3
internal_classifier,groupwise_cross_dataset_compatible,groupwise_cross_dataset_compatible,fixed_policy,False,0.3657771509161287,oracle_val,0.14672293942403178,,,,3
internal_classifier,groupwise_compatibility_strict,groupwise_compatibility_strict,fixed_policy,False,0.49772755539557173,oracle_val,0.11909410386567747,,,,3
internal_classifier,adaptive_groupwise_transfer,groupwise_cross_dataset_all,detector_family:broad,False,0.3688498799192773,oracle_val,0.10102110279101431,,,,3
iforest,real_only,real_only,fixed_policy,False,0.4576932468502551,synthetic_separation,,,0.3483021597862748,,3
iforest,random_event_oversampling,random_event_oversampling,fixed_policy,False,0.3034560312149818,synthetic_separation,0.14697597873215812,0.31655171450626624,0.3483021597862748,-0.03175044528000859,3
iforest,groupwise_cross_dataset_all,groupwise_cross_dataset_all,fixed_policy,False,0.30164861684690103,synthetic_separation,0.07836273057762219,0.30405520903446004,0.3483021597862748,-0.044246950751814784,3
iforest,groupwise_cross_dataset_compatible,groupwise_cross_dataset_compatible,fixed_policy,False,0.29960649262477523,synthetic_separation,0.06803774295457873,0.29974940839334113,0.3483021597862748,-0.04855275139293369,3
iforest,groupwise_compatibility_strict,groupwise_compatibility_strict,fixed_policy,False,0.4576932468502551,synthetic_separation,,,0.3483021597862748,,3
iforest,adaptive_groupwise_transfer,groupwise_cross_dataset_compatible,detector_family:density,False,0.29960649262477523,synthetic_separation,0.06803774295457873,0.29974940839334113,0.3483021597862748,-0.04855275139293369,3
ocsvm,real_only,real_only,fixed_policy,False,0.0,fp_aware_synthetic_separation,,,0.002902825433288747,,3
ocsvm,random_event_oversampling,random_event_oversampling,fixed_policy,False,0.0,fp_aware_synthetic_separation,,0.0,0.002902825433288747,-0.002902825433288747,3
ocsvm,groupwise_cross_dataset_all,groupwise_cross_dataset_all,fixed_policy,False,0.0,fp_aware_synthetic_separation,,0.0,0.002902825433288747,-0.002902825433288747,3
ocsvm,groupwise_cross_dataset_compatible,groupwise_cross_dataset_compatible,fixed_policy,False,0.0,fp_aware_synthetic_separation,,0.0,0.002902825433288747,-0.002902825433288747,3
ocsvm,groupwise_compatibility_strict,groupwise_compatibility_strict,fixed_policy,False,0.0,fp_aware_synthetic_separation,,,0.002902825433288747,,3
ocsvm,adaptive_groupwise_transfer,groupwise_cross_dataset_compatible,detector_family:density,False,0.0,fp_aware_synthetic_separation,,0.0,0.002902825433288747,-0.002902825433288747,3
lof,real_only,real_only,fixed_policy,False,14.19381102119345,synthetic_separation,,,4.64547751951265,,3
lof,random_event_oversampling,random_event_oversampling,fixed_policy,False,1.0030949230254322,synthetic_separation,0.13891616819926791,5548.887717730507,4.64547751951265,5544.242240210994,3
lof,groupwise_cross_dataset_all,groupwise_cross_dataset_all,fixed_policy,False,1.0098770591920374,synthetic_separation,0.07091583562171798,2.3688559155914297,4.64547751951265,-2.2766216039212206,3
lof,groupwise_cross_dataset_compatible,groupwise_cross_dataset_compatible,fixed_policy,False,0.9652900678412111,synthetic_separation,0.06803774295457873,1.6881952821873263,4.64547751951265,-2.957282237325324,3
lof,groupwise_compatibility_strict,groupwise_compatibility_strict,fixed_policy,False,14.19381102119345,synthetic_separation,,,4.64547751951265,,3
lof,adaptive_groupwise_transfer,groupwise_cross_dataset_compatible,detector_family:density,False,0.9652900678412111,synthetic_separation,0.06803774295457873,1.6881952821873263,4.64547751951265,-2.957282237325324,3
autoencoder,real_only,real_only,fixed_policy,False,63050.27335845272,synthetic_separation,,,9936.11940178985,,3
autoencoder,random_event_oversampling,random_event_oversampling,fixed_policy,False,0.8510363938316311,synthetic_separation,0.14899750591131408,5.821721552601946,10961.790196857988,-10955.968475305386,3
autoencoder,groupwise_cross_dataset_all,groupwise_cross_dataset_all,fixed_policy,False,0.12848472458312452,synthetic_separation,0.07651807651807652,1.2942464028971634,8322.404247392873,-8321.110000989976,3
autoencoder,groupwise_cross_dataset_compatible,groupwise_cross_dataset_compatible,fixed_policy,False,0.09127178179596429,synthetic_separation,0.07263532927249741,0.11912756304251407,9344.472996301993,-9344.35386873895,3
autoencoder,groupwise_compatibility_strict,groupwise_compatibility_strict,fixed_policy,False,63050.27335845272,synthetic_separation,,,9936.11940178985,,3
autoencoder,adaptive_groupwise_transfer,groupwise_cross_dataset_all,detector_family:broad,False,0.12848472458312452,synthetic_separation,0.07651807651807652,1.2942464028971634,8322.404247392873,-8321.110000989976,3
cnn,real_only,real_only,fixed_policy,False,830962.934564069,synthetic_separation,,,119229.55616593445,,3
cnn,random_event_oversampling,random_event_oversampling,fixed_policy,False,2.1672728023391277,synthetic_separation,0.1457238716211939,416.5339641120423,119229.55616593445,-118813.02220182242,3
cnn,groupwise_cross_dataset_all,groupwise_cross_dataset_all,fixed_policy,False,1.05878396452909,synthetic_separation,0.07682523530908165,24.949051486781567,119229.55616593445,-119204.60711444767,3
cnn,groupwise_cross_dataset_compatible,groupwise_cross_dataset_compatible,fixed_policy,False,0.0,synthetic_separation,0.06803774295457873,0.08271782614261516,119229.55616593445,-119229.47344810831,3
cnn,groupwise_compatibility_strict,groupwise_compatibility_strict,fixed_policy,False,830962.934564069,synthetic_separation,,,119229.55616593445,,3
cnn,adaptive_groupwise_transfer,groupwise_cross_dataset_all,detector_family:broad,False,1.05878396452909,synthetic_separation,0.07682523530908165,24.949051486781567,119229.55616593445,-119204.60711444767,3
timesnet,real_only,real_only,fixed_policy,False,1207706.3050025236,fp_aware_synthetic_separation,,,111439.35513148375,,3
timesnet,random_event_oversampling,random_event_oversampling,fixed_policy,False,1207706.3050025236,fp_aware_synthetic_separation,,3027.5760860426853,111439.35513148375,-108411.77904544107,3
timesnet,groupwise_cross_dataset_all,groupwise_cross_dataset_all,fixed_policy,False,1207706.3050025236,fp_aware_synthetic_separation,,5031.082390893436,111439.35513148375,-106408.27274059031,3
timesnet,groupwise_cross_dataset_compatible,groupwise_cross_dataset_compatible,fixed_policy,False,1207706.3050025236,fp_aware_synthetic_separation,,1814.2180549476277,111439.35513148375,-109625.13707653612,3
timesnet,groupwise_compatibility_strict,groupwise_compatibility_strict,fixed_policy,False,1207706.3050025236,fp_aware_synthetic_separation,,,111439.35513148375,,3
timesnet,adaptive_groupwise_transfer,groupwise_cross_dataset_all,detector_family:broad,False,1207706.3050025236,fp_aware_synthetic_separation,,5031.082390893436,111439.35513148375,-106408.27274059031,3
internal_classifier,real_only,real_only,fixed_policy,False,0.11447222222222221,oracle_val,0.15853658536585366,,,,4
internal_classifier,random_event_oversampling,random_event_oversampling,fixed_policy,False,0.16206013188330984,oracle_val,0.14918659569682885,,,,4
internal_classifier,groupwise_cross_dataset_all,groupwise_cross_dataset_all,fixed_policy,False,0.2467092231972446,oracle_val,0.15220544322156812,,,,4
internal_classifier,groupwise_cross_dataset_compatible,groupwise_cross_dataset_compatible,fixed_policy,False,0.1883436548452115,oracle_val,0.1509723287098348,,,,4
internal_classifier,groupwise_compatibility_strict,groupwise_compatibility_strict,fixed_policy,False,0.14412820392627498,oracle_val,0.1579422926329739,,,,4
internal_classifier,adaptive_groupwise_transfer,groupwise_cross_dataset_all,detector_family:broad,False,0.2467092231972446,oracle_val,0.15220544322156812,,,,4
iforest,real_only,real_only,fixed_policy,False,0.7597745597269693,synthetic_separation,,,0.4081580879910319,,4
iforest,random_event_oversampling,random_event_oversampling,fixed_policy,False,0.29835707140537654,synthetic_separation,0.06841299846970925,0.29891280599074616,0.4081580879910319,-0.10924528200028577,4
iforest,groupwise_cross_dataset_all,groupwise_cross_dataset_all,fixed_policy,False,0.29784266190751807,synthetic_separation,0.02295686058578115,0.29838209813628264,0.4081580879910319,-0.10977598985474929,4
iforest,groupwise_cross_dataset_compatible,groupwise_cross_dataset_compatible,fixed_policy,False,0.29841870377912866,synthetic_separation,0.038360037700282755,0.29889111822652553,0.4081580879910319,-0.1092669697645064,4
iforest,groupwise_compatibility_strict,groupwise_compatibility_strict,fixed_policy,False,0.2979001998946833,synthetic_separation,0.009182736455463728,0.29835364975398126,0.4081580879910319,-0.10980443823705066,4
iforest,adaptive_groupwise_transfer,groupwise_cross_dataset_compatible,detector_family:density,False,0.29841870377912866,synthetic_separation,0.038360037700282755,0.29889111822652553,0.4081580879910319,-0.1092669697645064,4
ocsvm,real_only,real_only,fixed_policy,False,0.8847462902958796,fp_aware_synthetic_separation,,,0.12234436762364673,,4
ocsvm,random_event_oversampling,random_event_oversampling,fixed_policy,False,0.8847462902958796,fp_aware_synthetic_separation,,0.0,0.12234436762364673,-0.12234436762364673,4
ocsvm,groupwise_cross_dataset_all,groupwise_cross_dataset_all,fixed_policy,False,0.8847462902958796,fp_aware_synthetic_separation,,0.0,0.12234436762364673,-0.12234436762364673,4
ocsvm,groupwise_cross_dataset_compatible,groupwise_cross_dataset_compatible,fixed_policy,False,0.8847462902958796,fp_aware_synthetic_separation,,0.0,0.12234436762364673,-0.12234436762364673,4
ocsvm,groupwise_compatibility_strict,groupwise_compatibility_strict,fixed_policy,False,0.8847462902958796,fp_aware_synthetic_separation,,0.0,0.12234436762364673,-0.12234436762364673,4
ocsvm,adaptive_groupwise_transfer,groupwise_cross_dataset_compatible,detector_family:density,False,0.8847462902958796,fp_aware_synthetic_separation,,0.0,0.12234436762364673,-0.12234436762364673,4
lof,real_only,real_only,fixed_policy,False,114.81319237254857,synthetic_separation,,,16937045398.344242,,4
lof,random_event_oversampling,random_event_oversampling,fixed_policy,False,3997893.6541053117,synthetic_separation,0.1620253164556962,677943056.6555766,16937045398.344242,-16259102341.688665,4
lof,groupwise_cross_dataset_all,groupwise_cross_dataset_all,fixed_policy,False,125.5414767295626,synthetic_separation,0.03732809430255403,250111672.86387607,16937045398.344242,-16686933725.480366,4
lof,groupwise_cross_dataset_compatible,groupwise_cross_dataset_compatible,fixed_policy,False,275263478.98234606,synthetic_separation,0.258128078817734,66530474.12950861,16937045398.344242,-16870514924.214733,4
lof,groupwise_compatibility_strict,groupwise_compatibility_strict,fixed_policy,False,126.45089415091451,synthetic_separation,0.1829652996845426,855396290.1711634,16937045398.344242,-16081649108.173079,4
lof,adaptive_groupwise_transfer,groupwise_cross_dataset_compatible,detector_family:density,False,275263478.98234606,synthetic_separation,0.258128078817734,66530474.12950861,16937045398.344242,-16870514924.214733,4
autoencoder,real_only,real_only,fixed_policy,False,690637334.7731131,synthetic_separation,,,92493660.62767458,,4
autoencoder,random_event_oversampling,random_event_oversampling,fixed_policy,False,0.4395102387150626,synthetic_separation,0.04492176852205201,0.9861759530938788,76663414.02729945,-76663413.0411235,4
autoencoder,groupwise_cross_dataset_all,groupwise_cross_dataset_all,fixed_policy,False,0.20819422826816017,synthetic_separation,0.03469807945455159,0.2946352985849304,106133946.17293698,-106133945.87830168,4
autoencoder,groupwise_cross_dataset_compatible,groupwise_cross_dataset_compatible,fixed_policy,False,0.23875676382593147,synthetic_separation,0.043283314401865246,0.31634571276995105,102675581.32698926,-102675581.01064356,4
autoencoder,groupwise_compatibility_strict,groupwise_compatibility_strict,fixed_policy,False,0.44116506800945465,synthetic_separation,0.014609903598586911,0.5503092242027532,98382354.81992306,-98382354.26961383,4
autoencoder,adaptive_groupwise_transfer,groupwise_cross_dataset_all,detector_family:broad,False,0.20819422826816017,synthetic_separation,0.03469807945455159,0.2946352985849304,106133946.17293698,-106133945.87830168,4
cnn,real_only,real_only,fixed_policy,False,9543954007.979467,synthetic_separation,,,1468033611.2350569,,4
cnn,random_event_oversampling,random_event_oversampling,fixed_policy,False,1.8581969910405305,synthetic_separation,0.060517423974986134,9.686605192048821,1468033611.2350569,-1468033601.5484517,4
cnn,groupwise_cross_dataset_all,groupwise_cross_dataset_all,fixed_policy,False,1.3506086570453262,synthetic_separation,0.027980826842420613,3.9315869965566606,1468033611.2350569,-1468033607.30347,4
cnn,groupwise_cross_dataset_compatible,groupwise_cross_dataset_compatible,fixed_policy,False,1.721028176353002,synthetic_separation,0.039227215455690884,5.623213418970067,1468033611.2350569,-1468033605.6118433,4
cnn,groupwise_compatibility_strict,groupwise_compatibility_strict,fixed_policy,False,1.6746270519047926,synthetic_separation,0.009047044632086852,3.0122662174265,1468033611.2350569,-1468033608.2227907,4
cnn,adaptive_groupwise_transfer,groupwise_cross_dataset_all,detector_family:broad,False,1.3506086570453262,synthetic_separation,0.027980826842420613,3.9315869965566606,1468033611.2350569,-1468033607.30347,4
timesnet,real_only,real_only,fixed_policy,False,9425911727.200466,fp_aware_synthetic_separation,,,1149246880.211524,,4
timesnet,random_event_oversampling,random_event_oversampling,fixed_policy,False,9425911727.200466,fp_aware_synthetic_separation,,1022.4833433985606,1149246880.211524,-1149245857.7281806,4
timesnet,groupwise_cross_dataset_all,groupwise_cross_dataset_all,fixed_policy,False,9425911727.200466,fp_aware_synthetic_separation,,1402.4791618514962,1149246880.211524,-1149245477.7323623,4
timesnet,groupwise_cross_dataset_compatible,groupwise_cross_dataset_compatible,fixed_policy,False,9425911727.200466,fp_aware_synthetic_separation,,799.2046097904719,1149246880.211524,-1149246081.0069141,4
timesnet,groupwise_compatibility_strict,groupwise_compatibility_strict,fixed_policy,False,9425911727.200466,fp_aware_synthetic_separation,,1427.175336954417,1149246880.211524,-1149245453.0361872,4
timesnet,adaptive_groupwise_transfer,groupwise_cross_dataset_all,detector_family:broad,False,9425911727.200466,fp_aware_synthetic_separation,,1402.4791618514962,1149246880.211524,-1149245477.7323623,4
